student_id,birthday,gender,nationality
14011499274,1982-04-25,M,Algérienne
14011097290,1991-05-04,M,Algérienne
14011298615,1994-02-25,F,Algérienne
14011399247,1982-01-26,F,Algérienne
14011298617,1993-09-09,F,Algérienne
14011399251,1982-02-09,F,Algérienne
14011097102,1992-04-20,F,Algérienne
14011298622,1992-11-08,F,Algérienne
14011499272,1981-10-20,M,Algérienne
14011298627,1993-07-13,M,Algérienne
14011097300,1991-06-25,M,Algérienne
14010796647,1987-05-25,M,Algérienne
14011499270,1981-03-28,M,Algérienne
14011097496,1991-02-16,M,Algérienne
14011097152,1990-06-15,M,Algérienne
14011298636,1993-01-15,F,Algérienne
14011298637,1994-01-20,F,Algérienne
14011499276,1985-06-08,M,Algérienne
14011299188,1993-08-12,M,Algérienne
14011298645,1994-06-23,M,Algérienne
14011097177,1992-03-29,M,Algérienne
14011499286,1984-12-25,M,Algérienne
14011298662,1993-05-18,F,Algérienne
14011298667,1994-01-08,M,Algérienne
14011298668,1992-11-26,F,Algérienne
14011298670,1992-07-25,M,Algérienne
14011298672,1993-12-06,M,Algérienne
14011298682,1993-09-27,M,Algérienne
14011298686,1994-09-13,M,Algérienne
14011298687,1993-01-19,M,Algérienne
14011298688,1992-10-27,M,Algérienne
14011298696,1994-03-09,F,Algérienne
14011298705,1992-12-16,F,Algérienne
14011298706,1992-09-13,M,Algérienne
14011298710,1993-10-30,M,Algérienne
14011298711,1994-01-01,F,Algérienne
14011298736,1994-04-12,F,Algérienne
14011097478,1992-05-29,F,Algérienne
14011097544,1990-10-29,M,Algérienne
14011298895,1993-06-15,F,Algérienne
14011298919,1993-06-13,F,Algérienne
14011298925,1994-04-25,M,Algérienne
14011298927,1994-02-25,F,Algérienne
14011298935,1994-05-15,F,Algérienne
14011298818,1991-08-10,M,Algérienne
14011298823,1993-01-08,M,Algérienne
14011298838,1993-10-28,F,Algérienne
14011298846,1992-04-28,F,BURUNDI
14011298763,1994-12-05,F,Algérienne
14011298764,1993-12-16,M,Algérienne
14011298765,1993-06-16,M,Algérienne
14011298787,1993-09-06,M,Algérienne
14011197808,1992-09-22,F,Algérienne
14011298955,1993-01-29,M,Algérienne
14011298962,1990-10-20,M,GUINEENNE
14011298964,1990-05-19,F,GUINEENNE
14011298977,1993-11-25,F,Algérienne
14011298979,1993-10-03,F,Algérienne
14011299010,1993-09-04,F,Algérienne
14011299024,1993-12-10,F,Algérienne
14011299032,1994-03-01,F,Algérienne
14011299038,1993-12-19,F,Algérienne
14011299110,1991-08-11,M,Algérienne
14011299116,1994-03-14,M,Algérienne
14011299118,1993-10-16,F,Algérienne
14011299122,1993-09-22,F,Algérienne
14011299136,1994-04-16,M,Algérienne
14011299174,1993-06-04,M,Algérienne
14011299180,1990-10-07,M,Malienne
14011198397,1992-07-03,F,Algérienne
14011198521,1993-03-19,F,Algérienne
14011197960,1992-03-20,F,Algérienne
14011197993,1993-08-06,F,Algérienne
14011198113,1993-02-01,F,Algérienne
14011599307,1993-08-21,F,Algérienne
14011198180,1992-03-17,M,Algérienne
14011198183,1989-07-12,M,Algérienne
14011198194,1991-08-18,M,Algérienne
14011198198,1992-10-11,M,Algérienne
14011198259,1993-07-13,M,Algérienne
14011198436,1993-03-04,M,Algérienne
14011198512,1991-09-30,M,Algérienne
14011198524,1991-08-31,M,Algérienne
14011198566,1991-02-26,M,Algérienne
14011198588,1993-05-12,F,Algérienne
14011298851,1992-04-03,M,Burundi
14011298861,1993-09-13,F,Algérienne
14011298862,1991-11-14,M,BURUNDAISE
14011298871,1992-05-18,M,BURUNDAISE
14011298877,1988-09-09,M,Algérienne
14011097068,1992-08-04,F,Algérienne
14011097517,1990-02-03,F,Algérienne
14011399236,1972-05-12,M,Algérienne
14011399238,1980-06-16,F,Algérienne
14011399240,1987-11-13,F,Algérienne
14011097074,1990-07-11,M,Algérienne
14011198520,1992-08-28,F,Algérienne
14011298612,1992-02-05,M,Algérienne
14011299184,1991-08-11,M,Algérienne
14011599290,1983-11-14,F,Algérienne
14011298614,1993-08-24,F,Algérienne
14011399245,1978-08-03,M,Algérienne
14011097731,1987-11-21,F,Algérienne
14010796588,1988-08-06,F,Algérienne
14011097084,1989-03-27,F,Algérienne
14011097086,1991-03-01,M,Algérienne
14011097514,1991-06-26,M,Algérienne
14011298618,1991-10-21,F,Algérienne
14011399249,1981-05-10,M,Algérienne
14011599305,1978-08-26,M,Algérienne
14011097092,1991-06-28,M,Algérienne
14011097098,1991-04-01,F,Algérienne
14011298620,1993-01-07,F,Algérienne
14011399255,1983-03-22,M,Algérienne
14011599304,1982-12-21,F,Algérienne
14011399259,1980-05-25,F,Algérienne
14010796607,1988-07-30,F,Algérienne
14011097509,1990-11-23,F,Algérienne
14011298623,1992-07-18,F,Algérienne
14011097507,1991-05-10,F,Algérienne
14011298624,1994-03-19,M,Algérienne
14010796618,1986-09-21,F,Algérienne
14011097112,1991-11-02,M,Algérienne
14011298626,1993-06-07,M,Algérienne
14011097489,1991-08-27,M,Algérienne
14011298629,1993-06-14,F,Algérienne
14011399261,1983-05-16,M,Algérienne
14011399266,1983-05-12,M,Algérienne
14011097114,1991-05-15,F,Algérienne
14011198541,1991-04-01,M,Algérienne
14011097118,1991-12-22,F,Algérienne
14011097480,1991-12-14,F,Algérienne
14011298630,1994-02-28,F,Algérienne
14010796642,1989-04-16,M,Algérienne
14011097124,1991-09-12,F,Algérienne
14011097126,1992-04-02,M,Algérienne
14011298631,1994-03-10,F,Algérienne
14011298633,1993-05-12,F,Algérienne
14011399264,1991-04-23,M,Algérienne
14011399268,1983-10-16,F,Algérienne
14011097134,1990-06-24,M,Algérienne
14011097136,1991-06-22,M,Algérienne
14011097138,1990-12-06,M,Algérienne
14011298634,1992-09-28,F,Algérienne
14011097140,1990-08-11,M,Algérienne
14011097142,1990-01-16,M,Algérienne
14011097144,1989-10-08,M,Algérienne
14011298635,1993-09-19,F,Algérienne
14011499288,1980-03-11,F,Algérienne
14011097150,1989-01-11,M,Algérienne
14011097154,1991-07-28,M,Algérienne
14010796669,1990-06-20,F,Algérienne
14011599306,1980-05-21,M,Algérienne
14011097156,1990-03-15,M,Algérienne
14010796674,1989-07-24,M,Algérienne
14010796676,1987-04-10,M,Algérienne
14011097163,1992-01-07,M,Algérienne
14011097313,1988-07-26,M,Algérienne
14011097308,1989-09-17,M,Algérienne
14011097310,1989-09-26,M,Algérienne
14011097312,1990-05-24,M,Algérienne
14011097317,1991-03-23,F,Algérienne
14010896693,1989-01-15,F,Algérienne
14010896694,1987-01-01,M,Algérienne
14011298638,1993-01-20,F,Algérienne
14010896697,1990-06-21,F,Algérienne
14010896698,1985-11-09,M,Algérienne
14011097169,1989-11-18,M,Algérienne
14011298639,1992-02-09,M,Algérienne
14011499283,1985-02-09,M,Algérienne
14010896704,1983-08-01,F,Algérienne
14011298640,1993-04-19,F,Algérienne
14011599295,1979-05-08,M,Algérienne
14011499280,1983-01-01,F,Algérienne
14011499285,1984-12-01,M,Algérienne
14011097173,1991-07-21,M,Algérienne
14011097490,1989-01-01,M,Algérienne
14011298641,1994-04-23,F,Algérienne
14011298644,1992-01-02,M,Algérienne
14010896712,1988-07-12,F,Algérienne
14010896713,1986-12-04,F,Algérienne
14010896714,1984-08-04,F,Algérienne
14010896715,1990-01-07,F,Algérienne
14010896716,1987-11-20,F,Algérienne
14011197861,1993-02-05,F,Algérienne
14011298647,1992-02-21,M,Algérienne
14010896726,1990-11-07,F,Algérienne
14011097179,1990-02-21,M,Algérienne
14011298649,1991-10-22,F,Algérienne
14011599300,1990-05-14,M,Algérienne
14010896732,1989-05-07,F,Algérienne
14011097181,1991-12-11,F,Algérienne
14011097609,1981-10-18,M,Algérienne
14011298650,1993-09-28,M,Algérienne
14011298651,1994-03-24,M,Algérienne
14011298652,1992-01-30,M,Algérienne
14011298653,1992-02-04,F,Algérienne
14011298654,1990-11-07,F,Algérienne
14011298655,1993-07-31,F,Algérienne
14011298656,1993-01-01,F,Algérienne
14011298657,1992-08-10,F,Algérienne
14011298659,1992-08-01,F,Algérienne
14010896752,1989-07-18,F,Algérienne
14010896754,1988-11-04,F,Algérienne
14010896755,1988-04-06,F,Algérienne
14010896756,1990-08-12,F,Algérienne
14010896757,1990-03-05,M,Algérienne
14011298660,1993-08-25,M,Algérienne
14011298661,1993-04-14,M,Algérienne
14010896767,1990-07-30,M,ABIDJAN 
14010896770,1990-06-16,F,Algérienne
14010896774,1990-06-17,F,Algérienne
14010896775,1990-06-23,F,Algérienne
14011298663,1993-02-27,M,Algérienne
14010896777,1987-03-04,M,Algérienne
14011599303,1991-08-05,M,MALIENNE
14011599299,1988-07-09,M,CONGO
14010896785,1988-10-03,F,Algérienne
14010896786,1989-11-14,M,Algérienne
14011097191,1991-12-13,F,Algérienne
14011198465,1992-10-29,F,Algérienne
14010896788,1988-05-17,M,Algérienne
14011298664,1993-01-19,M,Algérienne
14010896792,1990-11-24,F,Algérienne
14010896793,1989-05-07,M,Algérienne
14010896796,1990-01-31,M,Algérienne
14010896800,1990-01-19,M,Algérienne
14010896801,1989-01-23,F,Algérienne
14011298665,1993-10-01,F,Algérienne
14010896805,1991-01-18,F,Algérienne
14011097197,1989-11-04,F,Algérienne
14010896807,1991-01-17,F,Algérienne
14010896808,1990-02-17,F,Algérienne
14010896810,1990-06-21,F,Algérienne
14010896811,1990-02-13,F,Algérienne
14010896812,1990-02-26,M,Algérienne
14010896815,1990-03-22,F,Algérienne
14010896817,1987-08-08,M,Algérienne
14010896819,1987-05-25,M,Algérienne
14010896820,1989-03-07,M,Algérienne
14010896823,1990-04-03,M,Algérienne
14011298669,1993-08-04,M,Algérienne
14010896826,1989-01-07,M,Algérienne
14010896828,1990-07-05,F,Algérienne
14011097201,1992-04-20,F,Algérienne
14010896829,1989-08-26,F,Algérienne
14010896833,1988-10-26,M,Algérienne
14011298671,1992-11-14,M,Algérienne
14010896840,1989-07-05,M,Algérienne
14010896842,1990-01-14,F,Algérienne
14010896846,1983-05-23,M,Algérienne
14010896848,1991-07-09,F,Algérienne
14010896850,1988-05-08,M,Algérienne
14010896851,1988-06-19,M,Algérienne
14010896853,1991-11-09,F,Algérienne
14010896856,1990-01-06,F,Algérienne
14011097203,1991-03-21,F,Algérienne
14011097205,1990-10-29,F,Algérienne
14011298673,1991-06-17,F,Algérienne
14010996865,1989-11-05,M,Algérienne
14010996868,1989-12-11,M,Algérienne
14011298675,1994-01-02,F,Algérienne
14011298677,1993-01-16,M,Algérienne
14010996870,1988-12-29,M,Algérienne
14010996871,1989-07-13,M,Algérienne
14011097488,1988-03-02,F,Algérienne
14010996873,1989-12-07,M,IVOIRIENNE
14010996876,1989-10-19,F,Algérienne
14010996879,1981-03-05,M,Algérienne
14010996881,1988-11-15,M,Algérienne
14010996883,1984-12-04,F,Algérienne
14010996884,1991-03-09,M,Algérienne
14010996885,1988-01-08,M,Algérienne
14010996887,1989-08-13,F,Algérienne
14010996890,1987-11-07,M,Algérienne
14010996891,1990-08-06,M,Algérienne
14011298678,1993-03-29,M,Algérienne
14010996893,1990-07-29,M,Algérienne
14011298679,1992-08-03,M,Algérienne
14011298680,1992-01-05,M,Algérienne
14010996907,1991-01-19,F,Algérienne
14011298683,1993-05-05,M,Algérienne
14010996909,1987-07-26,M,Algérienne
14010996910,1989-12-03,M,Algérienne
14010996911,1988-02-15,M,Algérienne
14010996912,1990-09-13,F,Algérienne
14010996913,1988-05-31,M,Algérienne
14010996918,1990-01-03,F,Algérienne
14011197863,1993-01-03,F,Algérienne
14011298684,1992-02-01,M,Algérienne
14010996919,1988-12-11,F,Algérienne
14010996920,1989-09-26,M,Algérienne
14010996922,1989-07-06,M,Algérienne
14010996926,1990-10-28,F,Algérienne
14010996927,1990-02-13,F,Algérienne
14010996928,1988-12-22,M,Algérienne
14011298685,1993-08-22,F,Algérienne
14010996932,1989-12-23,M,Algérienne
14011298689,1990-10-07,F,Algérienne
14010996935,1990-01-02,F,Algérienne
14010996936,1988-09-20,F,Algérienne
14011298690,1993-12-27,F,Algérienne
14011097506,1986-09-20,M,Algérienne
14010996942,1985-01-22,M,Algérienne
14010996944,1990-04-11,F,Algérienne
14010996945,1989-02-13,F,Algérienne
14011599296,1989-10-13,F,Algérienne
14010996949,1991-01-23,M,Algérienne
14011298691,1993-03-20,F,Algérienne
14010996951,1988-10-25,M,Algérienne
14010996956,1987-01-01,M,Algérienne
14011198519,1990-09-13,M,Algérienne
14010996958,1990-11-30,M,Algérienne
14010996959,1987-01-01,M,Algérienne
14011298692,1993-01-01,F,Algérienne
14010996960,1990-07-07,F,Algérienne
14010996961,1991-04-23,M,Algérienne
14011298693,1993-03-10,M,Algérienne
14010996965,1990-12-12,F,Algérienne
14010996969,1991-11-18,F,Algérienne
14011298694,1993-12-26,M,Algérienne
14011298695,1994-03-26,M,Algérienne
14010996974,1991-05-21,F,Algérienne
14010996976,1987-10-08,M,Algérienne
14010996978,1989-11-16,M,Algérienne
14010996979,1989-12-20,M,Algérienne
14011298697,1992-02-10,M,Algérienne
14010996985,1989-02-11,F,Algérienne
14010996986,1987-09-07,F,Algérienne
14010996987,1986-03-22,F,Algérienne
14010996988,1986-10-09,M,Algérienne
14010996989,1988-10-19,F,Algérienne
14010996990,1984-06-16,M,Algérienne
14010996991,1988-10-27,F,Algérienne
14010996992,1989-09-06,F,Algérienne
14010996993,1988-03-21,M,Algérienne
14010996994,1988-04-16,F,Algérienne
14010996996,1988-11-13,M,Algérienne
14011298698,1993-08-30,F,Algérienne
14010996997,1987-08-01,F,Algérienne
14010996999,1989-07-11,F,Algérienne
14010997000,1984-11-20,M,Algérienne
14010997001,1989-06-05,M,Algérienne
14010997002,1988-08-04,M,Algérienne
14010997003,1986-05-09,F,Algérienne
14010997004,1983-12-25,M,Algérienne
14010997006,1988-04-11,M,Algérienne
14010997007,1984-09-09,M,Algérienne
14010997009,1985-01-28,F,Algérienne
14010997010,1987-03-04,M,Algérienne
14010997011,1985-02-01,F,Algérienne
14011298699,1977-05-14,M,Algérienne
14011298700,1994-03-18,F,Algérienne
14010997013,1989-04-08,F,Algérienne
14010997014,1987-09-15,M,Algérienne
14010997015,1987-02-16,M,Algérienne
14010997016,1987-10-04,M,Algérienne
14010997018,1987-11-06,F,Algérienne
14010997020,1989-10-10,M,TOGOLAISE
14010997022,1987-04-21,M,BORKINABIENNE
14010997023,1989-11-21,M,Algérienne
14010997024,1988-03-09,F,Algérienne
14011298701,1992-02-01,M,Algérienne
14010997025,1986-02-08,M,Algérienne
14010997027,1984-10-22,M,Algérienne
14010997029,1990-03-24,M,Algérienne
14011298702,1993-08-26,F,Algérienne
14011298703,1994-02-13,F,Algérienne
14010997030,1986-04-28,M,Algérienne
14010997031,1988-07-13,F,Algérienne
14010997034,1990-02-26,M,Algérienne
14010997035,1990-12-15,M,Algérienne
14010997036,1989-12-04,F,Algérienne
14010997037,1989-09-06,F,Algérienne
14010997038,1989-09-06,F,Algérienne
14010997039,1989-08-17,M,Algérienne
14010997043,1990-02-05,M,Algérienne
14010997044,1989-05-13,M,Algérienne
14010997045,1990-11-06,F,Algérienne
14010997046,1988-10-12,M,Algérienne
14011298704,1993-08-09,M,Algérienne
14010997051,1986-09-10,F,Algérienne
14010997053,1990-08-10,M,Algérienne
14010997056,1987-12-29,M,Algérienne
14010997057,1987-01-15,M,Algérienne
14011097209,1988-09-02,F,Algérienne
14010997058,1963-01-28,M,Algérienne
14010997060,1988-05-28,M,Algérienne
14010997062,1987-08-08,F,Algérienne
14010997063,0187-03-16,M,Algérienne
14011097211,1990-11-13,F,Algérienne
14011298707,1992-07-20,F,Algérienne
14010696406,1988-04-11,M,Algérienne
14011197795,1992-02-08,F,Algérienne
14011298709,1993-08-29,F,Algérienne
14010696407,1989-03-21,M,Algérienne
14010696408,1981-09-14,M,Algérienne
14010696409,1989-02-11,F,Algérienne
14010696410,1988-01-05,F,Algérienne
14010696411,1986-11-13,M,Algérienne
14010696412,1987-11-21,F,Algérienne
14010696413,1987-09-07,F,Algérienne
14010696414,1988-01-19,M,Algérienne
14010696415,1986-03-22,F,Algérienne
14010696416,1988-08-23,M,Algérienne
14010696417,1989-07-11,F,Algérienne
14010696418,1986-10-09,M,Algérienne
14010696419,1987-03-01,M,Algérienne
14010696420,1984-07-27,M,Algérienne
14010696421,1988-08-05,M,Algérienne
14010696422,1987-03-03,M,Algérienne
14010696423,1986-09-20,F,Algérienne
14011097215,1992-01-05,F,Algérienne
14011097217,1991-06-14,F,Algérienne
14011097222,1990-09-28,F,Algérienne
14010696449,1987-01-01,M,Algérienne
14011097224,1991-09-18,F,Algérienne
14011097226,1990-01-08,F,Algérienne
14011097228,1992-08-04,F,Algérienne
14011097230,1991-08-23,F,Algérienne
14011097487,1991-06-25,F,Algérienne
14011298712,1993-06-16,F,Algérienne
14011298713,1993-05-09,F,Algérienne
14011097234,1990-08-08,F,Algérienne
14011298715,1991-07-26,M,Algérienne
14011299186,1993-06-18,M,Algérienne
14011298716,1991-04-10,M,Algérienne
14011097495,1992-04-07,F,Algérienne
14011097246,1991-10-19,F,Algérienne
14011298718,1992-09-21,F,Algérienne
14010696529,1988-02-06,M,Algérienne
14011097252,1988-06-12,F,Algérienne
14011097254,1991-04-09,F,Algérienne
14011097258,1989-03-21,F,Algérienne
14010796554,1983-12-03,F,Algérienne
14011097262,1991-11-13,F,Algérienne
14011298720,1990-01-16,M,Algérienne
14011298721,1993-12-05,M,Algérienne
14011599301,1982-11-11,M,Algérienne
14011097264,1990-01-30,F,Algérienne
14011097268,1991-09-17,F,Algérienne
14011097270,1991-09-08,F,Algérienne
14011097320,1991-02-05,F,Algérienne
14011097322,1991-01-24,F,Algérienne
14011097610,1989-07-15,M,Algérienne
14011298722,1993-02-25,M,Algérienne
14011097326,1990-03-14,F,Algérienne
14011097328,1988-04-29,F,Algérienne
14011097334,1989-12-07,F,Algérienne
14011298724,1993-07-29,M,Algérienne
14011097342,1991-09-27,F,Algérienne
14011097337,1991-08-22,F,Algérienne
14011097341,1990-04-04,F,Algérienne
14011298725,1993-03-14,M,Algérienne
14011097345,1992-08-21,F,Algérienne
14011097348,1988-11-18,F,Algérienne
14011097349,1990-08-20,F,Algérienne
14011097350,1992-10-01,F,Algérienne
14011298726,1993-05-29,F,Algérienne
14011298727,1993-02-04,F,Algérienne
14011097357,1990-02-23,F,Algérienne
14011097359,1991-06-07,F,Algérienne
14011097503,1991-01-15,F,Algérienne
14011097500,1991-04-29,F,Algérienne
14011097499,1991-01-30,F,Algérienne
14011298728,1994-02-06,M,Algérienne
14011097368,1991-07-29,F,Algérienne
14011097369,1990-01-01,F,Algérienne
14011097370,1990-07-10,F,Algérienne
14011097375,1992-08-17,F,Algérienne
14011097379,1992-02-16,F,Algérienne
14011097382,1989-09-29,M,Algérienne
14011097383,1991-03-15,M,Algérienne
14011298729,1990-12-30,M,Algérienne
14011097385,1991-08-07,M,Algérienne
14011097387,1991-04-27,M,Algérienne
14011097389,1990-01-01,M,Algérienne
14011097390,1990-07-04,M,Algérienne
14011097497,1990-07-16,M,Algérienne
14011097393,1988-07-19,M,Algérienne
14011097396,1992-03-09,M,Algérienne
14011097399,1989-07-29,M,Algérienne
14011097404,1990-01-15,M,Algérienne
14011097411,1988-10-15,M,Algérienne
14011097413,1989-07-09,M,Algérienne
14011097415,1990-07-06,M,Algérienne
14011097416,1990-09-03,M,Algérienne
14011097418,1987-09-01,M,Algérienne
14011097419,1988-11-05,M,Algérienne
14011097423,1989-02-12,M,Algérienne
14011097425,1987-01-01,M,Algérienne
14011097433,1991-06-17,M,Algérienne
14011097436,1991-12-23,M,Algérienne
14011298731,1993-02-22,F,Algérienne
14011298732,1992-01-27,M,Algérienne
14011097510,1990-10-11,F,Algérienne
14011097513,1991-04-29,F,Algérienne
14011097516,1991-06-06,F,Algérienne
14011097512,1991-01-18,F,Algérienne
14011097515,1991-12-12,F,Algérienne
14011097543,1991-11-06,M,Algérienne
14011298733,1992-11-13,F,Algérienne
14011097451,1991-06-02,F,Algérienne
14011097452,1991-08-10,F,Algérienne
14011097454,1991-09-22,F,Algérienne
14011097455,1991-08-12,F,Algérienne
14011097456,1991-11-22,F,Algérienne
14011097458,1989-12-26,F,Algérienne
14011097460,1988-07-14,F,Algérienne
14011097463,1989-04-01,F,Algérienne
14011097464,1989-05-31,F,Algérienne
14011097468,1991-05-26,F,Algérienne
14011298734,1993-05-19,F,Algérienne
14011298738,1990-12-19,M,Algérienne
14011097522,1991-01-25,F,Algérienne
14011097524,1990-01-20,F,Algérienne
14011097529,1990-10-14,F,Algérienne
14011599297,1990-04-17,F,Algérienne
14011097535,1992-06-29,F,Algérienne
14011097537,1988-11-23,F,Algérienne
14011097538,1991-09-26,F,Algérienne
14011097542,1991-08-27,M,Camerounaise
14011097554,1990-11-13,M,Algérienne
14011097555,1989-05-13,M,Algérienne
14011097557,1990-05-14,M,Algérienne
14011097559,1991-02-22,M,Algérienne
14011298739,1993-01-06,F,Algérienne
14011097560,1990-12-07,M,Algérienne
14011198432,1990-07-11,M,Algérienne
14011097567,1991-09-30,M,Algérienne
14011298740,1993-01-13,F,Algérienne
14011097569,1992-08-07,M,Algérienne
14011097571,1991-02-13,M,Algérienne
14011298741,1992-06-08,F,Algérienne
14011298742,1993-07-15,F,Algérienne
14011097581,1987-07-19,M,Algérienne
14011097582,1991-06-13,M,Algérienne
14011097584,1992-03-20,M,Algérienne
14011097585,1991-08-07,M,Algérienne
14011097587,1991-07-16,M,Algérienne
14011097588,1991-10-07,M,Algérienne
14011097593,1992-04-10,M,Algérienne
14011097595,1991-12-19,M,Algérienne
14011097597,1990-10-29,M,Algérienne
14011097601,1991-08-14,M,Algérienne
14011097604,1991-07-24,M,Algérienne
14011097606,1992-08-25,M,Algérienne
14011298743,1993-09-24,M,Algérienne
14011097616,1992-01-24,F,Algérienne
14011097622,1991-01-26,F,Algérienne
14011097627,1990-04-25,F,Algérienne
14011097634,1991-08-06,M,Algérienne
14011097635,1991-03-24,F,Algérienne
14011097638,1991-05-04,F,Algérienne
14011298744,1989-09-01,F,Algérienne
14011298884,1992-01-07,M,Algérienne
14011298885,1993-11-03,M,Algérienne
14011298886,1992-09-22,F,Algérienne
14011298888,1993-08-17,F,Algérienne
14011298890,1992-07-14,F,Algérienne
14011298892,1992-02-24,M,Algérienne
14011298893,1993-03-28,F,Algérienne
14011298894,1994-02-11,F,Algérienne
14011298896,1994-08-16,M,Algérienne
14011298897,1993-09-06,M,Algérienne
14011298899,1993-10-03,F,Algérienne
14011298900,1992-06-16,F,Algérienne
14011298901,1994-02-18,F,Algérienne
14011298903,1993-08-12,M,Algérienne
14011298904,1992-12-28,M,Algérienne
14011298905,1993-11-15,M,Algérienne
14011298906,1992-03-27,M,Algérienne
14011298907,1993-04-21,M,Algérienne
14011298909,1994-05-06,F,Algérienne
14011298911,1992-01-01,M,Algérienne
14011298912,1993-01-09,M,Algérienne
14011298914,1993-01-03,F,Algérienne
14011298915,1993-05-19,M,Algérienne
14011298917,1992-08-26,M,Algérienne
14011298918,1992-11-16,M,Algérienne
14011298921,1992-06-13,F,Algérienne
14011298923,1993-09-11,M,Algérienne
14011298929,1993-08-10,M,Algérienne
14011298932,1993-05-21,F,Algérienne
14011298933,1992-08-02,F,Algérienne
14011298936,1993-11-11,F,Algérienne
14011298937,1993-02-25,F,Algérienne
14011298939,1992-06-25,F,Algérienne
14011097274,1989-05-13,M,Algérienne
14011097276,1991-08-17,M,Algérienne
14011097278,1987-07-05,M,Algérienne
14011298745,1991-05-22,F,Algérienne
14011298747,1994-04-05,M,Algérienne
14011298748,1993-03-28,M,Algérienne
14011097282,1987-04-08,M,Algérienne
14011298749,1994-01-15,M,Algérienne
14011298751,1993-08-21,F,Algérienne
14011097639,1990-09-28,F,Algérienne
14011097640,1990-09-12,M,Algérienne
14011097641,1987-03-21,F,Algérienne
14011097642,1987-10-31,F,Algérienne
14011298752,1993-03-27,F,Algérienne
14011298754,1993-10-27,F,Algérienne
14011298755,1991-09-29,M,Algérienne
14011298756,1992-04-26,M,Algérienne
14011298806,1994-06-15,F,Algérienne
14011298807,1993-12-22,M,Algérienne
14011298808,1993-10-11,M,Algérienne
14011298809,1993-02-21,M,Algérienne
14011298810,1993-08-11,M,Algérienne
14011298811,1994-02-11,M,Algérienne
14011298813,1991-10-27,M,Algérienne
14011298815,1992-06-06,M,Algérienne
14011298817,1994-01-04,M,Algérienne
14011298819,1993-06-02,F,Algérienne
14011298820,1992-05-02,M,Algérienne
14011298821,1993-09-20,M,Algérienne
14011298824,1993-09-12,F,Algérienne
14011298826,1991-05-13,F,Algérienne
14011298828,1992-11-03,M,Algérienne
14011298832,1993-06-05,M,Algérienne
14011298834,1993-02-13,M,Algérienne
14011298836,1993-05-08,M,Algérienne
14011298759,1993-07-16,F,Algérienne
14011298760,1994-09-06,M,Algérienne
14011298762,1993-09-21,F,Algérienne
14011298842,1991-10-22,M,Algérienne
14011298844,1993-08-31,F,Algérienne
14011298848,1993-09-08,M,Algérienne
14011299190,1993-07-29,F,Algérienne
14011599292,1987-08-01,M,Algérienne
14011298766,1994-05-13,M,Algérienne
14011298768,1993-04-20,M,Algérienne
14011298770,1994-03-24,M,Algérienne
14011298775,1993-11-25,F,Algérienne
14011298777,1993-03-01,F,Algérienne
14011298778,1991-06-27,M,Algérienne
14011298779,1992-10-07,M,Algérienne
14011298780,1994-05-05,M,Algérienne
14011298781,1991-09-27,M,Algérienne
14011298783,1993-11-04,F,Algérienne
14011298784,1992-01-12,M,Algérienne
14011298785,1993-09-07,F,Algérienne
14011298786,1993-05-09,F,Algérienne
14011298789,1992-02-11,F,Algérienne
14011197796,1993-07-19,F,Algérienne
14011197864,1991-07-07,F,Algérienne
14011197798,1991-09-05,F,Algérienne
14011198548,1993-04-03,F,Algérienne
14011198394,1991-09-22,F,Algérienne
14011198395,1992-08-20,F,Algérienne
14011198416,1991-09-06,F,Algérienne
14011198554,1992-01-01,M,Algérienne
14011298790,1993-10-14,F,Algérienne
14011198509,1993-02-12,F,Algérienne
14011197866,1990-01-01,F,Algérienne
14011197804,1992-12-01,F,Algérienne
14011198543,1992-06-14,M,Algérienne
14011198544,1992-06-27,M,Algérienne
14011198469,1992-04-12,F,Algérienne
14011198420,1992-07-25,F,Algérienne
14011198433,1991-02-07,F,Algérienne
14011197816,1993-08-21,F,Algérienne
14011197817,1992-03-17,F,Algérienne
14011198435,1993-07-10,F,Algérienne
14011197819,1992-12-04,F,Algérienne
14011197820,1992-08-07,F,Algérienne
14011197872,1992-11-06,F,Algérienne
14011197873,1992-02-24,F,Algérienne
14011198481,1992-01-05,F,Algérienne
14011198527,1992-07-07,F,Algérienne
14011298942,1992-12-03,F,Algérienne
14011298943,1993-04-26,M,Algérienne
14011298945,1993-06-29,F,Algérienne
14011298947,1993-09-01,F,Algérienne
14011298949,1993-05-12,M,Algérienne
14011298950,1993-01-14,M,Algérienne
14011298952,1991-03-15,M,Algérienne
14011298954,1992-07-03,M,Algérienne
14011298957,1991-01-08,M,Algérienne
14011298959,1993-04-06,M,Algérienne
14011298968,1993-12-14,M,GUINEENNE
14011298970,1992-10-23,M,GUINEENNE
14011298971,1991-05-31,M,Algérienne
14011298973,1993-09-20,F,Algérienne
14011298974,1993-02-27,F,Algérienne
14011298975,1993-07-24,M,Algérienne
14011298981,1990-12-03,F,Algérienne
14011298983,1993-09-18,M,Algérienne
14011298985,1991-12-01,M,Algérienne
14011298987,1991-01-09,M,Algérienne
14011298989,1992-08-02,M,Algérienne
14011298990,1993-10-06,F,Algérienne
14011298991,1991-08-06,M,Algérienne
14011298993,1994-01-17,M,Algérienne
14011298994,1993-03-27,M,Algérienne
14011298995,1994-04-29,M,Algérienne
14011298996,1993-05-17,F,Algérienne
14011298997,1993-07-04,M,Algérienne
14011298998,1993-01-21,F,Algérienne
14011298999,1993-04-27,F,Algérienne
14011299001,1993-09-14,M,Algérienne
14011299003,1992-11-04,M,Algérienne
14011299004,1993-11-02,F,Algérienne
14011299005,1993-05-02,M,Algérienne
14011299007,1993-09-10,M,Algérienne
14011299008,1993-02-05,M,Algérienne
14011299009,1994-04-27,M,Algérienne
14011299011,1991-06-28,M,Algérienne
14011299012,1993-01-09,M,Algérienne
14011299013,1993-09-28,M,Algérienne
14011299014,1991-04-11,M,Algérienne
14011299015,1993-09-19,M,Algérienne
14011299016,1993-10-09,M,Algérienne
14011299017,1993-04-22,M,Algérienne
14011299019,1993-03-16,M,Algérienne
14011299020,1993-04-19,M,Algérienne
14011299022,1991-12-08,F,Algérienne
14011299023,1993-01-13,F,Algérienne
14011299025,1994-03-14,M,Algérienne
14011299026,1993-10-07,F,Algérienne
14011299027,1993-08-17,F,Algérienne
14011299028,1993-05-25,F,Algérienne
14011299029,1993-07-11,F,Algérienne
14011299030,1993-01-25,M,Algérienne
14011299031,1994-07-31,M,Algérienne
14011299033,1992-01-19,F,Algérienne
14011299035,1991-11-01,M,Algérienne
14011299037,1993-03-24,F,Algérienne
14011299040,1992-06-22,F,Algérienne
14011299043,1993-10-18,M,Algérienne
14011299044,1992-04-10,F,Algérienne
14011299046,1993-10-22,F,Algérienne
14011299051,1993-12-12,F,Algérienne
14011299054,1993-11-20,M,Algérienne
14011299057,1992-04-11,F,Algérienne
14011299059,1991-07-31,M,Algérienne
14011299060,1992-03-25,M,Algérienne
14011299062,1993-10-03,M,Algérienne
14011299064,1993-01-01,F,Algérienne
14011299066,1993-08-26,M,Algérienne
14011299067,1991-07-31,F,Algérienne
14011299068,1992-12-01,F,Algérienne
14011299071,1991-08-04,M,Algérienne
14011299074,1993-02-06,F,Algérienne
14011299076,1991-04-22,F,Algérienne
14011299078,1993-03-24,F,Algérienne
14011299080,1992-05-15,F,Algérienne
14011299082,1992-09-29,F,Algérienne
14011299083,1993-03-25,M,Algérienne
14011299085,1993-02-27,F,Algérienne
14011299087,1993-09-28,F,Algérienne
14011299088,1992-11-29,M,Algérienne
14011299090,1993-07-06,F,Algérienne
14011299091,1992-10-05,M,Algérienne
14011299093,1992-10-22,F,Algérienne
14011299095,1993-01-18,M,Algérienne
14011299097,1992-08-14,M,Algérienne
14011299099,1988-01-01,F,Algérienne
14011299101,1992-09-29,F,Algérienne
14011299104,1992-02-16,F,Algérienne
14011299105,1993-01-10,F,Algérienne
14011299106,1993-03-30,M,Algérienne
14011299111,1992-10-15,F,Algérienne
14011299112,1993-03-02,M,Algérienne
14011299113,1993-06-23,F,Algérienne
14011299115,1994-07-08,M,Algérienne
14011299119,1991-07-14,M,Algérienne
14011299121,1992-04-09,F,Algérienne
14011299125,1992-08-25,F,Algérienne
14011299128,1990-12-09,M,Algérienne
14011299129,1993-01-01,M,Algérienne
14011299130,1992-12-04,M,Algérienne
14011299133,1994-03-21,M,Algérienne
14011299134,1992-01-11,M,Algérienne
14011299138,1992-12-01,M,Algérienne
14011299139,1990-03-19,M,Algérienne
14011299141,1993-08-23,M,Algérienne
14011299143,1992-11-01,F,Algérienne
14011299146,1993-04-23,F,Algérienne
14011299148,1989-10-17,M,Algérienne
14011299150,1988-12-18,M,Algérienne
14011299152,1992-06-16,F,Algérienne
14011299154,1992-02-10,M,Algérienne
14011299156,1992-10-05,M,Algérienne
14011299160,1993-08-15,M,Algérienne
14011299161,1993-01-26,M,Algérienne
14011299164,1993-03-06,M,Algérienne
14011299166,1992-03-29,M,Algérienne
14011299168,1993-12-12,M,Algérienne
14011299169,1993-07-31,F,Algérienne
14011299172,1993-01-23,M,Algérienne
14011299173,1992-10-27,M,Algérienne
14011299176,1994-01-01,F,Algérienne
14011299178,1993-10-06,F,Algérienne
14011299182,1992-07-25,F,Algérienne
14011299191,1993-12-05,M,Algérienne
14011299193,1992-12-20,M,Algérienne
14011299195,1992-02-21,M,Algérienne
14011299197,1993-03-28,M,Algérienne
14011299203,1993-11-11,F,Algérienne
14011299205,1992-02-19,F,Algérienne
14011299207,1989-04-18,F,Algérienne
14011299210,1992-11-24,F,Algérienne
14011299212,1993-08-24,M,Algérienne
14011299214,1992-06-25,M,Algérienne
14011299215,1991-06-28,M,Algérienne
14011299218,1993-08-07,M,Algérienne
14011299219,1993-08-15,F,Algérienne
14011299220,1994-02-04,M,Algérienne
14011197810,1992-08-14,F,Algérienne
14011197868,1992-08-23,F,Algérienne
14011197869,1992-07-24,F,Algérienne
14011197814,1992-04-14,F,Algérienne
14011198504,1992-12-03,F,Algérienne
14011197876,1992-11-23,F,Algérienne
14011197877,1993-02-11,F,Algérienne
14011198445,1992-12-03,F,Algérienne
14011197830,1992-02-12,F,Algérienne
14011198378,1992-04-06,F,Algérienne
14011198396,1990-08-05,F,Algérienne
14011198450,1993-02-26,F,Algérienne
14011198387,1993-07-01,F,Algérienne
14011197841,1992-08-16,F,Algérienne
14011198493,1991-04-22,F,Algérienne
14011198407,1991-10-09,F,Algérienne
14011197848,1989-10-02,F,Algérienne
14011197856,1991-10-26,F,Algérienne
14011198375,1990-11-24,F,Algérienne
14011198456,1991-04-20,F,Algérienne
14011197859,1992-09-10,F,Algérienne
14011197881,1991-10-01,M,Algérienne
14011198374,1992-09-01,F,Algérienne
14011198413,1991-08-24,F,Algérienne
14011198451,1992-05-09,F,Algérienne
14011197886,1993-10-24,F,Algérienne
14011198529,1992-07-29,F,Algérienne
14011198379,1992-08-25,F,Algérienne
14011198399,1992-03-23,F,Algérienne
14011198531,1992-08-31,F,Algérienne
14011198476,1993-08-29,F,Algérienne
14011198534,1990-10-15,F,Algérienne
14011198449,1992-11-09,F,Algérienne
14011197918,1993-01-11,F,Algérienne
14011197920,1992-10-04,F,Algérienne
14011197921,1992-04-13,F,Algérienne
14011197922,1993-03-04,F,Algérienne
14011197889,1990-10-01,F,Algérienne
14011197890,1992-02-27,F,Algérienne
14011198418,1992-04-14,F,Algérienne
14011197893,1991-05-15,F,Algérienne
14011198533,1992-01-14,F,Algérienne
14011197911,1993-07-04,F,Algérienne
14011197913,1992-09-14,F,Algérienne
14011197914,1992-10-05,F,Algérienne
14011197923,1992-09-27,F,Algérienne
14011197925,1992-05-23,F,Algérienne
14011197930,1991-11-14,F,Algérienne
14011198501,1992-12-01,F,Algérienne
14011198484,1992-10-21,F,Algérienne
14011197936,1989-04-16,F,Algérienne
14011198503,1993-08-27,F,Algérienne
14011197939,1992-03-16,F,Algérienne
14011197940,1992-10-25,F,Algérienne
14011198490,1990-04-20,F,Algérienne
14011198492,1992-02-01,F,Algérienne
14011197947,1992-08-24,F,Algérienne
14011198480,1992-08-18,F,Algérienne
14011198497,1992-09-20,F,Algérienne
14011197953,1992-10-25,F,Algérienne
14011198439,1991-01-06,F,Algérienne
14011198411,1992-02-25,F,Algérienne
14011197959,1992-05-03,F,Algérienne
14011197961,1992-09-21,F,Algérienne
14011198427,1992-11-29,F,Algérienne
14011197964,1992-08-07,F,Algérienne
14011599291,1992-10-13,F,Algérienne
14011197966,1993-03-02,F,Algérienne
14011197970,1992-05-15,F,Algérienne
14011197972,1993-01-16,F,Algérienne
14011197974,1991-09-13,F,Algérienne
14011197977,1993-01-31,F,Algérienne
14011197979,1992-05-28,F,Algérienne
14011197981,1992-07-25,F,Algérienne
14011197983,1992-07-06,F,Algérienne
14011197985,1992-12-26,F,Algérienne
14011197987,1992-07-05,F,Algérienne
14011197989,1992-08-30,F,Algérienne
14011198474,1992-09-19,F,Algérienne
14011198525,1992-05-04,F,Algérienne
14011198381,1992-10-24,F,Algérienne
14011197999,1992-10-24,F,Algérienne
14011198472,1991-12-01,F,Algérienne
14011198437,1992-12-11,F,Algérienne
14011198005,1992-01-01,F,Algérienne
14011198466,1992-07-22,F,Algérienne
14011198007,1991-11-14,F,Algérienne
14011198008,1991-05-17,F,Algérienne
14011198010,1991-06-26,F,Algérienne
14011198012,1993-07-26,F,Algérienne
14011198502,1992-01-14,F,Algérienne
14011198511,1992-04-18,F,Algérienne
14011198448,1991-09-01,F,Algérienne
14011198023,1992-05-31,F,Algérienne
14011198025,1992-10-13,F,Algérienne
14011198029,1992-07-29,F,Algérienne
14011198031,1992-08-24,F,Algérienne
14011198033,1992-06-23,F,Algérienne
14011198430,1991-01-16,F,Algérienne
14011198036,1992-12-04,F,Algérienne
14011198038,1992-02-29,F,Algérienne
14011198039,1993-01-06,F,Algérienne
14011198040,1993-06-28,F,Algérienne
14011198041,1992-10-19,F,Algérienne
14011198043,1991-05-10,F,Algérienne
14011198391,1991-12-26,F,Algérienne
14011198401,1991-12-27,F,Algérienne
14011198383,1992-01-27,F,Algérienne
14011198441,1991-09-24,F,Algérienne
14011198052,1992-05-05,F,Algérienne
14011198053,1991-10-12,F,Algérienne
14011198440,1992-01-18,F,Algérienne
14011198475,1993-02-27,F,Algérienne
14011198057,1993-02-18,F,Algérienne
14011198461,1992-12-27,F,Algérienne
14011198468,1986-10-25,F,Algérienne
14011198063,1992-06-02,F,Algérienne
14011198065,1992-08-16,F,Algérienne
14011198067,1992-05-02,F,Algérienne
14011198409,1992-12-31,F,Algérienne
14011198069,1992-11-17,F,Algérienne
14011198422,1992-02-21,F,Algérienne
14011198423,1992-06-15,F,Algérienne
14011198082,1992-01-11,F,Algérienne
14011198084,1992-02-26,F,Algérienne
14011198444,1992-07-30,M,Algérienne
14011198518,1989-11-27,M,Algérienne
14011198087,1991-11-24,M,Algérienne
14011198517,1992-01-27,M,Algérienne
14011198442,1992-03-07,M,Algérienne
14011198424,1992-07-03,F,Algérienne
14011198091,1992-09-19,F,Algérienne
14011198488,1990-02-27,F,Algérienne
14011198522,1993-05-22,M,Algérienne
14011198096,1993-03-17,F,Algérienne
14011198098,1990-06-27,F,Algérienne
14011198102,1990-03-27,F,Algérienne
14011198101,1992-11-26,F,Algérienne
14011198103,1991-04-03,F,Algérienne
14011198104,1992-06-02,F,Algérienne
14011198402,1991-10-27,F,Algérienne
14011198106,1993-03-02,F,Algérienne
14011198107,1992-12-08,F,Algérienne
14011198109,1992-02-07,F,Algérienne
14011198516,1992-07-28,F,Algérienne
14011198112,1992-03-20,F,Algérienne
14011198114,1991-02-07,F,Algérienne
14011198072,1992-04-07,F,Algérienne
14011198076,1991-12-29,F,Algérienne
14011198487,1992-09-25,F,Algérienne
14011198116,1994-08-25,F,Congolaise
14011198505,1991-01-04,F,Algérienne
14011198120,1992-09-06,F,Algérienne
14011198121,1992-10-18,F,Algérienne
14011198454,1992-05-12,F,Algérienne
14011198125,1990-01-21,F,Algérienne
14011599308,1991-04-23,F,Algérienne
14011198523,1993-05-06,F,Algérienne
14011198131,1992-03-16,M,Algérienne
14011198135,1993-10-04,M,Algérienne
14011198136,1991-03-05,M,Algérienne
14011198138,1992-04-14,M,Algérienne
14011198139,1992-01-08,M,Algérienne
14011198141,1992-10-04,M,Algérienne
14011198143,1992-01-15,M,Algérienne
14011198145,1993-02-18,M,Algérienne
14011198146,1992-12-29,M,Algérienne
14011198148,1992-09-20,M,Algérienne
14011198149,1992-08-01,M,Algérienne
14011198150,1991-12-06,M,Algérienne
14011198152,1992-02-15,M,Algérienne
14011198153,1993-06-17,M,Algérienne
14011198155,1991-11-11,M,Algérienne
14011198412,1993-06-20,M,Algérienne
14011198159,1991-04-11,M,Algérienne
14011198388,1992-11-22,M,Algérienne
14011198585,1991-06-17,M,Algérienne
14011198417,1992-10-27,M,Algérienne
14011198463,1993-03-22,M,Algérienne
14011198166,1991-02-25,M,Algérienne
14011198479,1992-11-11,M,Algérienne
14011198410,1992-07-18,M,Algérienne
14011198443,1992-10-07,M,Algérienne
14011198514,1991-11-04,M,Algérienne
14011198174,1991-10-07,M,Algérienne
14011198176,1991-07-22,M,Algérienne
14011198178,1992-04-20,M,Algérienne
14011198179,1992-04-27,M,Algérienne
14011198182,1992-01-10,M,Algérienne
14011198185,1991-01-02,M,Algérienne
14011198499,1992-06-16,M,Algérienne
14011198498,1991-11-26,M,Algérienne
14011198491,1992-11-16,M,Algérienne
14011198192,1993-01-06,M,Algérienne
14011198193,1992-09-02,M,Algérienne
14011198196,1991-07-22,M,Algérienne
14011198486,1993-11-05,M,Algérienne
14011198200,1992-06-22,M,Algérienne
14011198202,1992-09-28,M,Algérienne
14011198204,1987-06-30,M,Ivoirienne
14011198392,1993-02-28,M,Algérienne
14011198376,1990-07-21,M,Algérienne
14011198425,1991-12-10,M,Algérienne
14011198408,1993-01-17,M,Algérienne
14011198447,1991-12-07,M,Algérienne
14011198515,1992-04-14,M,Algérienne
14011198214,1993-03-01,M,Algérienne
14011198215,1992-10-04,M,Algérienne
14011198216,1993-05-30,M,Algérienne
14011198217,1992-04-05,M,Algérienne
14011198507,1991-12-07,M,Algérienne
14011198460,1991-10-13,M,Algérienne
14011198384,1992-04-06,M,Algérienne
14011198457,1992-11-29,M,Algérienne
14011198462,1991-05-28,M,Algérienne
14011198482,1991-07-22,M,Algérienne
14011198478,1993-01-01,M,Algérienne
14011198464,1991-03-13,M,Algérienne
14011198459,1990-11-20,M,Algérienne
14011198495,1992-06-21,M,Algérienne
14011198237,1991-12-19,M,Algérienne
14011198238,1992-10-02,M,Algérienne
14011198535,1991-04-26,M,Algérienne
14011198242,1992-02-21,M,Algérienne
14011198530,1991-09-30,M,Algérienne
14011198539,1992-10-14,M,Algérienne
14011198540,1992-02-25,M,Algérienne
14011198254,1991-11-10,M,Algérienne
14011198256,1991-10-16,M,Algérienne
14011198258,1992-11-03,M,Algérienne
14011198260,1993-05-26,M,Algérienne
14011198262,1992-07-13,M,Algérienne
14011198263,1992-03-17,M,Algérienne
14011198265,1989-12-20,M,Algérienne
14011198266,1993-04-19,M,Algérienne
14011198267,1992-05-09,M,Algérienne
14011198269,1992-07-18,M,Algérienne
14011198271,1990-06-02,M,Algérienne
14011198273,1991-04-26,M,Algérienne
14011198404,1992-09-07,M,Algérienne
14011198276,1993-01-04,M,Algérienne
14011198278,1992-09-03,M,Algérienne
14011198280,1992-08-24,M,Algérienne
14011198282,1989-08-26,M,Algérienne
14011198284,1987-02-09,M,Algérienne
14011198286,1991-07-05,M,Algérienne
14011198288,1991-02-07,M,Algérienne
14011198291,1992-06-24,M,Algérienne
14011198293,1992-11-23,M,Algérienne
14011198294,1992-11-23,M,Algérienne
14011198295,1990-12-08,M,Algérienne
14011198500,1993-03-16,M,Algérienne
14011198471,1991-07-07,M,Algérienne
14011198473,1992-09-14,M,Algérienne
14011198467,1990-11-15,M,Algérienne
14011298791,1992-01-01,M,Algérienne
14011198382,1993-01-16,M,Algérienne
14011198506,1990-12-01,M,Algérienne
14011198312,1992-03-01,M,Algérienne
14011298792,1991-02-27,F,Algérienne
14011198414,1993-05-06,M,Algérienne
14011198429,1992-04-06,M,Algérienne
14011198377,1990-10-17,M,Algérienne
14011198426,1989-02-01,M,Algérienne
14011198389,1993-01-07,M,Algérienne
14011198428,1993-01-11,M,Algérienne
14011198393,1992-01-01,M,Algérienne
14011198325,1992-03-12,M,Algérienne
14011198526,1992-12-11,M,Algérienne
14011198328,1991-05-14,M,Algérienne
14011198386,1992-09-06,M,Algérienne
14011198398,1992-05-02,M,Algérienne
14011198494,1992-04-18,M,Algérienne
14011198334,1991-06-23,M,Algérienne
14011198335,1993-01-11,M,Algérienne
14011198380,1993-07-08,M,Algérienne
14011198339,1991-08-16,M,Algérienne
14011198406,1992-05-23,M,Algérienne
14011198477,1993-06-27,M,Algérienne
14011198485,1993-08-14,M,Algérienne
14011198405,1993-02-16,M,Algérienne
14011198351,1991-12-06,M,Algérienne
14011198438,1992-02-27,M,Algérienne
14011599293,1992-09-08,M,Algérienne
14011198357,1992-08-02,M,Algérienne
14011198452,1993-11-04,M,Algérienne
14011198455,1992-03-09,M,Algérienne
14011198496,1990-10-28,M,Algérienne
14011599294,1992-10-15,M,Algérienne
14011198364,1992-11-03,M,Algérienne
14011198365,1991-07-29,M,Algérienne
14011198367,1992-09-10,M,Algérienne
14011198470,1992-02-01,M,Algérienne
14011198390,1990-02-12,M,Algérienne
14011198371,1992-06-16,M,Algérienne
14011198373,1989-12-13,M,Algérienne
14011198545,1993-04-08,M,Algérienne
14011198546,1993-01-23,M,Algérienne
14011198547,1992-08-25,F,Algérienne
14011198560,1993-01-19,M,Algérienne
14011198564,1989-07-10,M,Algérienne
14011198570,1992-02-24,M,Algérienne
14011198582,1991-11-19,F,Algérienne
14011198573,1992-05-15,M,Algérienne
14011198581,1993-09-26,F,Algérienne
14011198576,1991-08-28,M,Algérienne
14011198577,1993-12-25,M,Algérienne
14011198578,1991-06-04,F,Algérienne
14011299199,1992-06-07,M,Algérienne
14011198583,1994-02-20,M,Algérienne
14011198587,1990-02-23,M,Algérienne
14011198589,1992-02-26,M,Algérienne
14011298793,1993-07-20,F,Algérienne
14011198593,1992-07-21,M,Algérienne
14011198595,1986-08-13,M,Algérienne
14011198597,1988-12-17,M,Algérienne
14011198608,1992-10-26,M,Algérienne
14011298794,1993-07-02,F,Algérienne
14011298795,1992-07-26,F,Algérienne
14011298796,1991-05-10,F,Algérienne
14011298798,1994-06-13,F,Algérienne
14011298800,1993-03-28,F,Algérienne
14011298852,1993-03-21,M,Algérienne
14011298853,1992-09-21,M,Algérienne
14011298855,1992-03-15,F,Algérienne
14011299200,1993-09-08,M,Algérienne
14011298857,1992-02-16,F,Algérienne
14011298858,1994-07-02,F,Algérienne
14011299202,1993-05-16,F,Algérienne
14011298864,1992-11-13,M,Algérienne
14011298866,1992-08-15,M,Algérienne
14011298868,1992-10-03,M,Algérienne
14011298869,1992-03-03,M,Algérienne
14011298870,1991-07-20,M,Algérienne
14011298872,1993-08-10,M,Algérienne
14011298873,1993-09-07,F,Algérienne
14011298875,1993-10-10,F,Algérienne
14011298876,1993-12-29,M,Algérienne
14010796567,1986-05-11,M,Algérienne
14010796569,1987-01-25,F,Algérienne
14011097501,1991-11-10,M,Algérienne
14011097617,1991-12-28,M,Algérienne
14011097286,1991-06-15,M,Algérienne
14011097288,1991-10-21,M,Algérienne
14011097292,1991-12-18,M,Algérienne
14010796586,1988-03-23,M,Algérienne
14010796594,1988-06-27,M,Algérienne
14011097504,1990-12-08,M,Algérienne
14010796598,1987-05-02,M,Algérienne
14011097397,1991-12-13,M,Algérienne
14010796614,1988-02-22,M,Algérienne
14011097482,1991-08-04,F,Algérienne
14011097502,1991-09-12,F,Algérienne
14011097110,1991-08-15,M,Algérienne
14011097296,1991-04-17,M,Algérienne
14011198431,1990-05-19,M,Algérienne
14011097122,1991-10-27,M,Algérienne
14010796643,1988-10-03,F,Algérienne
14010796644,1990-11-19,M,Algérienne
14011097130,1992-05-07,F,Algérienne
14010796651,1987-04-25,F,Algérienne
14011097146,1989-01-01,M,Algérienne
14010796671,1989-02-01,M,Algérienne
14010796672,1980-05-21,M,Algérienne
14011097527,1991-08-25,M,Algérienne
14011097486,1989-03-15,M,Algérienne
14011097315,1991-12-23,F,Algérienne
14011097485,1992-09-26,M,Algérienne
14011097167,1989-03-03,M,Algérienne
14010896695,1990-10-27,M,Algérienne
14010896700,1990-06-09,M,Algérienne
14010896701,1990-03-10,F,Algérienne
14010896703,1988-10-16,M,Algérienne
14010896711,1989-11-21,F,Algérienne
14010896717,1990-11-07,F,Algérienne
14010896719,1991-02-17,M,Algérienne
14010896720,1991-11-06,F,Algérienne
14010896722,1989-12-18,F,Algérienne
14010896723,1991-06-27,F,Algérienne
14010896727,1990-09-17,M,Algérienne
14010896729,1987-07-20,M,Algérienne
14010896731,1990-05-14,M,Algérienne
14010896733,1989-07-14,F,Algérienne
14010896734,1987-05-27,F,Algérienne
14010896735,1984-01-04,M,Algérienne
14010896737,1989-02-23,F,NIGERIENNE
14010896738,1990-12-30,F,Nigerienne
14011097185,1991-01-30,F,Algérienne
14010896747,1990-01-17,M,Algérienne
14011097187,1991-10-18,F,Algérienne
14010896759,1988-11-01,M,Ivoirrienne
14010896761,1984-03-07,M,Algérienne
14010896762,1991-03-29,F,Algérienne
14010896764,1991-01-14,F,Algérienne
14010896765,1985-07-07,M,Algérienne
14010896766,1990-11-27,M,Algérienne
14010896768,1990-04-13,M,Algérienne
14010896769,1991-01-09,M,Algérienne
14010896780,1991-08-05,M,MALIENNE
14010896781,1990-05-13,F,MALIENNE
14010896782,1988-07-09,M,CONGO
14010896787,1991-01-14,F,Algérienne
14010896790,1990-05-22,M,Algérienne
14011097193,1992-02-25,F,Algérienne
14010896794,1991-06-27,F,Algérienne
14011097195,1991-09-04,F,Algérienne
14010896797,1988-10-16,M,Algérienne
14010896799,1988-03-02,M,Algérienne
14010896803,1990-04-24,F,Algérienne
14010896806,1989-10-18,M,Algérienne
14011298666,1993-12-21,F,Algérienne
14010896813,1980-09-02,M,Algérienne
14010896814,1991-01-13,M,Algérienne
14010896821,1988-02-17,F,Algérienne
14010896824,1988-12-11,M,Algérienne
14010896825,1988-12-12,F,Algérienne
14010896830,1991-09-06,F,Algérienne
14010896831,1990-10-25,M,Algérienne
14010896834,1988-03-16,F,Algérienne
14010896835,1989-07-02,M,Algérienne
14010896836,1989-07-03,M,Algérienne
14010896837,1991-10-29,M,Algérienne
14010896841,1989-12-10,M,Algérienne
14010896843,1989-09-21,M,Algérienne
14010896847,1991-05-10,F,Algérienne
14010896855,1990-06-24,F,Algérienne
14010896857,1989-04-03,M,Algérienne
14010896858,1991-08-09,M,Algérienne
14010896860,1988-12-31,M,Mauritanienne
14010896862,1971-09-07,M,Algérienne
14011298676,1991-06-22,M,Algérienne
14010996874,1991-01-27,M,Algérienne
14010996875,1989-11-05,M,Algérienne
14010996877,1990-12-20,F,Algérienne
14010996878,1987-07-29,M,Algérienne
14010996886,1989-02-12,M,Algérienne
14010996892,1990-03-28,F,Algérienne
14010996894,1986-11-10,M,Algérienne
14011198403,1987-02-10,M,Algérienne
14010996896,1989-08-04,M,Algérienne
14010996899,1990-02-03,F,Algérienne
14010996900,1990-12-21,M,Algérienne
14010996901,1991-01-01,F,Algérienne
14010996902,1991-12-20,F,Algérienne
14010996903,1988-05-22,M,Algérienne
14010996905,1990-03-07,F,Algérienne
14010996914,1990-08-19,M,Algérienne
14010996916,1990-08-18,M,Algérienne
14010996921,1989-10-31,M,BURANDAISE
14010996923,1989-03-03,M,BURANDAISE
14010996929,1989-12-16,F,Algérienne
14010996934,1988-12-26,M,Algérienne
14010996939,1988-06-05,M,BURUNDAISE
14010996940,1988-08-19,M,BURANDAISE
14010996943,1988-04-05,M,Algérienne
14010996947,1989-10-13,F,Algérienne
14010996948,1990-12-17,M,Algérienne
14010996950,1990-08-27,F,Algérienne
14010996952,1989-11-23,M,Algérienne
14010996953,1990-08-13,M,Algérienne
14010996954,1990-03-28,M,Algérienne
14010996962,1988-11-06,M,Algérienne
14010996963,1991-06-25,F,Algérienne
14010996967,1990-04-22,F,Algérienne
14010996970,1990-04-16,F,Algérienne
14010996971,1991-07-04,M,Algérienne
14010996975,1987-12-05,M,Algérienne
14010996980,1991-05-24,M,Algérienne
14010996982,1986-04-10,M,Algérienne
14010996983,1990-01-02,F,Algérienne
14010996984,1990-12-14,F,Algérienne
14010996998,1988-04-12,F,Algérienne
14010997032,1988-11-13,F,Algérienne
14010997048,1987-06-08,M,Algérienne
14011298708,1991-11-22,F,Algérienne
14010696402,1985-03-22,M,Algérienne
14010696434,1988-08-23,M,Algérienne
14010696437,1987-03-01,M,Algérienne
14011097484,1992-02-26,F,Algérienne
14010696447,1984-03-23,M,Algérienne
14011097236,1991-03-31,F,Algérienne
14011097238,1988-09-10,F,Algérienne
14010696481,1988-01-05,M,Algérienne
14010696492,1988-08-23,M,Algérienne
14010696498,1985-01-09,M,Algérienne
14011097242,1987-02-21,F,Algérienne
14010696505,1987-05-04,M,Algérienne
14011097248,1992-01-29,F,Algérienne
14011097250,1991-11-19,F,Algérienne
14011097256,1991-03-29,F,Algérienne
14010696540,1986-10-19,M,Algérienne
14010796545,1985-01-01,M,Algérienne
14010796547,1987-02-06,M,Algérienne
14011298719,1994-07-31,M,Algérienne
14010796560,1982-11-11,M,Algérienne
14011097266,1992-07-28,F,Algérienne
14011097323,1991-09-18,F,Algérienne
14011097330,1992-03-15,F,Algérienne
14011097339,1990-05-19,F,Algérienne
14011097354,1991-11-11,F,Algérienne
14011097505,1991-07-03,F,Algérienne
14011097614,1991-12-08,M,Algérienne
14011097363,1992-03-03,F,Algérienne
14011097367,1991-08-11,F,Algérienne
14011097372,1990-01-28,F,Algérienne
14011097377,1991-10-23,F,Algérienne
14011097498,1990-03-20,M,Algérienne
14011097400,1991-07-05,M,Algérienne
14011097401,1991-02-17,M,Algérienne
14011097402,1992-03-03,M,Algérienne
14011097405,1992-05-14,M,Algérienne
14011097407,1991-06-29,M,Algérienne
14011097409,1990-07-18,M,Algérienne
14011097420,1991-10-19,M,Algérienne
14011097422,1992-04-14,M,Algérienne
14011097427,1989-04-18,M,Algérienne
14011097429,1990-07-19,M,Algérienne
14011097438,1988-10-18,M,Algérienne
14011097441,1992-01-01,F,Algérienne
14011097443,1988-12-07,F,Algérienne
14011097448,1991-12-15,F,Algérienne
14011097462,1992-01-07,M,Algérienne
14011097465,1991-12-14,F,Algérienne
14011097471,1991-09-27,F,Algérienne
14011097473,1990-06-26,F,Algérienne
14011097518,1992-02-18,F,Algérienne
14011097520,1989-11-23,F,Algérienne
14011097615,1990-08-28,F,Algérienne
14011097530,1992-01-04,F,Algérienne
14011097531,1991-09-10,F,Algérienne
14011097534,1990-04-17,F,Algérienne
14011097546,1988-04-16,M,Algérienne
14011097547,1991-04-26,M,Algérienne
14011097549,1991-10-13,M,Algérienne
14011097551,1990-10-04,M,Algérienne
14011097564,1992-03-04,M,Algérienne
14011097572,1990-11-11,M,Algérienne
14011097575,1989-01-28,M,Algérienne
14011097577,1991-07-16,M,Algérienne
14011097578,1991-04-14,M,Algérienne
14011198542,1988-10-30,M,Algérienne
14011097590,1989-12-19,M,Algérienne
14011097591,1989-09-16,M,Algérienne
14011097599,1990-07-18,M,Algérienne
14011097602,1990-04-07,M,Algérienne
14011097607,1988-01-01,M,Algérienne
14011097629,1991-10-20,F,Algérienne
14011097632,1992-08-14,M,Algérienne
14011097631,1992-08-14,F,Algérienne
14011198489,1991-08-10,M,Algérienne
14011298930,1990-11-20,M,Algérienne
14011298941,1992-04-11,F,Algérienne
14011097272,1990-06-09,F,Algérienne
14011097494,1988-05-16,M,Algérienne
14011097284,1991-01-14,M,Algérienne
14011097790,1988-07-02,M,Algérienne
14011097657,1987-07-02,M,Algérienne
14011097705,1988-06-08,F,Algérienne
14011298758,1992-05-16,F,Algérienne
14011097725,1988-07-25,F,Algérienne
14011097733,1988-10-03,M,Algérienne
14011097735,1987-08-01,M,Algérienne
14011097753,1981-09-14,M,Algérienne
14011298772,1993-06-22,F,Algérienne
14011097761,1987-09-22,F,Burundaise
14011097771,1986-09-20,F,Algérienne
14011097775,1983-09-10,M,Algérienne
14011097777,1989-08-19,F,Algérienne
14011097786,1990-01-01,M,Algérienne
14011197807,1992-07-15,F,Algérienne
14011198532,1993-07-10,F,Algérienne
14011298966,1993-11-20,M,GUINEENNE
14011298984,1994-02-11,F,Algérienne
14011299034,1992-01-04,F,Algérienne
14011299049,1992-06-06,M,Algérienne
14011299103,1993-10-09,F,Algérienne
14011299124,1994-01-15,M,Algérienne
14011299127,1992-11-11,F,Algérienne
14011198510,1991-03-25,F,Algérienne
14011198537,1992-05-06,F,Algérienne
14011198483,1990-09-01,M,Algérienne
14011197908,1991-03-08,M,Algérienne
14011197927,1991-04-24,F,Algérienne
14011197965,1992-10-13,F,Algérienne
14011197969,1993-01-15,F,Algérienne
14011197976,1993-11-03,F,Algérienne
14011198528,1990-06-09,F,Algérienne
14011197992,1993-06-15,F,Algérienne
14011198014,1992-01-18,F,Algérienne
14011198016,1991-07-11,F,Algérienne
14011198385,1993-07-05,F,Algérienne
14011198070,1993-08-21,F,Algérienne
14011198415,1993-01-05,F,Algérienne
14011198115,1993-03-17,F,Algérienne
14011198419,1991-04-29,F,Algérienne
14011198133,1990-11-20,M,Algérienne
14011198590,1992-09-20,M,Algérienne
14011198453,1992-07-28,M,Algérienne
14011198536,1991-05-08,M,Algérienne
14011198247,1991-02-24,M,Ivoirienne
14011198538,1991-08-19,M,Algérienne
14011198279,1992-03-03,M,Algérienne
14011198292,1990-08-20,M,Algérienne
14011198319,1992-05-23,M,Algérienne
14011198446,1992-05-12,M,Algérienne
14011198400,1992-04-27,M,Algérienne
14011198434,1992-09-08,M,Algérienne
14011198508,1992-10-11,M,Algérienne
14011198458,1992-10-15,M,Algérienne
14011198550,1992-06-01,F,Algérienne
14011198553,1988-12-10,F,Algérienne
14011198556,1990-12-03,M,Algérienne
14011198557,1992-02-17,M,Algérienne
14011198558,1993-05-22,M,Algérienne
14011198568,1991-03-04,M,Algérienne
14011198575,1993-01-13,M,Algérienne
14011198580,1993-01-26,M,Algérienne
14011198600,1988-03-30,M,Algérienne
14011198602,1986-08-10,M,Algérienne
14011198604,1986-11-02,M,Algérienne
14011198606,1986-11-27,M,Algérienne
14011198610,1992-02-19,M,Algérienne
14011298879,1992-10-09,F,Algérienne
14011298880,1992-06-19,F,Algérienne
14011298881,1994-08-02,F,Algérienne
14011298882,1994-02-08,M,Algérienne
14011097080,1990-08-24,M,Algérienne
14011097082,1991-08-07,M,Algérienne
14011097528,1992-03-03,M,Algérienne
14010796589,1987-01-30,M,Algérienne
14010796593,1988-03-29,M,Algérienne
14010796595,1985-11-24,M,Algérienne
14011097096,1990-12-31,M,Algérienne
14010796604,1987-11-07,M,Algérienne
14010796606,1987-11-29,M,Algérienne
14010796612,1987-01-04,M,Algérienne
14010796615,1987-07-15,M,Algérienne
14010796619,1987-08-08,F,Algérienne
14011097479,1990-03-03,M,Algérienne
14010796628,1987-05-07,M,Algérienne
14010796640,1987-04-24,F,Algérienne
14011097128,1987-01-26,M,Algérienne
14011097132,1989-04-22,M,Algérienne
14010796657,1987-08-11,M,Algérienne
14010796666,1989-08-31,M,Algérienne
14010796670,1988-04-10,M,Algérienne
14010796689,1982-06-24,M,Algérienne
14010896696,1989-08-25,F,Algérienne
14010896702,1988-02-19,F,Algérienne
14010896707,1990-01-22,M,Algérienne
14010896709,1989-09-10,M,Algérienne
14011097171,1990-01-16,M,Algérienne
14011097633,1989-06-30,F,Algérienne
14010896721,1988-06-04,M,Algérienne
14010896724,1990-12-06,M,Algérienne
14010896730,1984-02-25,M,Algérienne
14010896739,1990-02-28,M,Algérienne
14010896742,1987-06-01,M,Algérienne
14010896743,1990-11-25,M,Algérienne
14010896744,1987-08-19,M,Algérienne
14010896746,1991-07-25,M,Algérienne
14010896750,1988-02-14,M,Algérienne
14010896751,1988-09-24,F,Algérienne
14011097189,1992-03-11,F,Algérienne
14010896753,1984-04-07,M,Algérienne
14010896758,1988-05-12,M,Algérienne
14010896760,1989-09-03,M,Algérienne
14010896763,1990-07-11,F,Algérienne
14010896771,1989-10-10,M,Algérienne
14010896772,1989-05-16,F,Algérienne
14010896773,1987-09-23,F,Algérienne
14010896791,1989-06-03,M,Algérienne
14010896798,1990-10-20,M,Algérienne
14010896802,1988-08-26,M,Algérienne
14010896809,1990-04-11,M,Algérienne
14011097199,1992-03-08,F,Algérienne
14010896818,1986-04-19,M,Algérienne
14010896822,1988-06-09,M,Algérienne
14010896838,1990-01-15,F,Algérienne
14010896839,1989-10-13,M,Algérienne
14010896849,1986-02-06,M,Algérienne
14010896852,1989-07-31,M,Algérienne
14010896859,1988-01-01,M,Algérienne
14011097207,1990-09-24,F,Algérienne
14010996866,1988-02-26,M,Algérienne
14010996867,1990-05-15,M,Algérienne
14010996869,1991-02-21,F,Algérienne
14010996889,1989-07-03,M,Algérienne
14011097492,1988-12-28,M,Algérienne
14010996898,1989-07-31,M,Algérienne
14010996904,1990-10-09,M,Algérienne
14010996906,1986-02-24,F,Algérienne
14010996917,1989-05-09,M,Algérienne
14010996924,1989-05-04,M,Algérienne
14010996925,1990-10-23,M,Algérienne
14010996930,1991-02-24,M,Algérienne
14010996931,1990-11-24,M,Algérienne
14010996933,1989-08-24,M,Algérienne
14010996937,1990-09-15,M,Algérienne
14010996946,1989-07-17,M,Algérienne
14010996955,1990-11-21,M,Algérienne
14010996964,1988-10-10,M,Algérienne
14010996966,1987-10-16,M,Algérienne
14010996968,1990-08-29,M,Algérienne
14010996973,1988-04-19,M,BURKINABIENNE
14010996981,1986-05-28,M,Algérienne
14010996995,1987-03-03,M,Algérienne
14010997008,1988-01-23,M,Algérienne
14010997012,1988-02-20,F,Algérienne
14010997021,1989-01-22,F,Algérienne
14010997028,1988-05-08,F,Algérienne
14010997026,1988-05-26,F,Algérienne
14010997047,1988-11-09,F,Algérienne
14010997059,1989-10-31,M,Algérienne
14010997065,1989-07-15,F,Algérienne
14010696401,1987-03-15,M,Algérienne
14011097213,1991-08-18,F,Algérienne
14010696450,1986-12-20,M,Algérienne
14010696456,1985-01-03,M,Algérienne
14010696459,1987-04-03,M,Algérienne
14010696474,1986-04-28,M,Algérienne
14011097483,1990-02-27,F,Algérienne
14010696484,1988-04-21,M,Algérienne
14010696518,1987-09-16,M,Algérienne
14011097260,1991-04-19,F,Algérienne
14010796551,1984-01-27,F,Algérienne
14011097789,1987-05-16,F,Algérienne
14011097324,1991-05-16,F,Algérienne
14011097332,1991-08-07,F,Algérienne
14011097344,1989-11-05,F,Algérienne
14011097352,1991-11-20,F,Algérienne
14011097611,1992-03-03,M,Algérienne
14011097365,1992-06-05,F,Algérienne
14011097366,1991-02-18,F,Algérienne
14011097373,1991-07-22,F,Algérienne
14011097380,1991-05-24,F,Algérienne
14011097384,1992-06-26,M,Algérienne
14011097421,1992-01-04,M,Algérienne
14011097431,1989-04-12,M,Algérienne
14011097434,1990-07-28,M,Algérienne
14011097449,1992-01-04,F,Algérienne
14011097508,1991-05-30,F,Algérienne
14011097466,1992-01-31,F,Algérienne
14011097469,1989-10-18,F,Algérienne
14011097477,1990-04-28,F,Algérienne
14011097519,1991-06-08,F,Algérienne
14011097533,1991-10-26,F,Algérienne
14011097539,1989-09-06,F,Algérienne
14011097553,1990-12-29,M,Algérienne
14011097562,1991-05-05,M,Algérienne
14011097573,1991-05-11,M,Algérienne
14011097576,1987-03-09,M,Algérienne
14011097613,1992-06-28,M,Algérienne
14011097605,1989-05-06,M,Algérienne
14011097623,1989-10-26,F,Algérienne
14011097493,1990-03-21,M,Algérienne
14011097658,1989-04-26,F,Algérienne
14011097656,1989-02-11,F,Algérienne
14011097660,1988-06-07,F,Algérienne
14011097659,1986-12-13,F,Algérienne
14011097649,1989-01-25,M,Algérienne
14011097651,1988-08-06,F,Algérienne
14011097653,1990-04-29,F,Algérienne
14011097655,1979-12-28,M,Algérienne
14011097662,1980-08-16,M,Algérienne
14011097664,1989-07-31,F,Algérienne
14011097666,1989-12-18,F,algérienne
14011097669,1988-01-19,M,Algérienne
14011097671,1988-09-03,M,Algérienne
14011097673,1989-04-02,M,Algérienne
14011097675,1989-10-13,F,Algérienne
14011097677,1985-08-10,M,Algérienne
14011097679,1986-01-25,M,Algérienne
14011097681,1989-08-13,F,Algérienne
14011097686,1989-04-20,M,Algérienne
14011097685,1990-02-22,M,Algérienne
14011097688,1990-06-05,M,Algérienne
14011097690,1989-12-22,F,Algérienne
14011097693,1989-03-20,F,Algérienne
14011097695,1989-05-10,F,Algérienne
14011097697,1986-11-25,F,Algérienne
14011097699,1989-06-06,F,Algérienne
14011097701,1988-04-04,F,Algérienne
14011097707,1986-06-18,M,Algérienne
14011097709,1988-08-11,M,Algérienne
14011097711,1989-12-26,F,Algérienne
14011097713,1983-10-30,M,Algérienne
14011097714,1989-11-10,M,Algérienne
14011097716,1989-02-15,M,Algérienne
14011097718,1989-02-09,F,Algérienne
14011097720,1989-02-11,M,Algérienne
14011097723,1989-03-21,M,Algérienne
14011097727,1987-06-02,F,Algérienne
14011097729,1988-02-01,F,Algérienne
14011097737,1987-06-28,M,Algérienne
14011097739,1985-06-11,M,TCHADIENNE
14011097741,1983-08-12,M,Algérienne
14011097743,1986-06-06,M,Tchadienne
14011097745,1986-08-11,F,BURUNDIENNE
14011097747,1986-08-14,M,Algérienne
14011097749,1988-12-30,M,Algérienne
14011097751,1988-11-03,M,Algérienne
14011097755,1984-07-27,M,Algérienne
14011097757,1986-06-13,M,Algérienne
14011097759,1987-12-22,F,Algérienne
14011097763,1983-12-08,M,Togolaise
14011097765,1987-11-04,F,Algérienne
14011097767,1983-12-11,F,Algérienne
14011097769,1986-09-22,M,Algérienne
14011097773,1988-05-07,M,Algérienne
14011097779,1985-03-02,M,Algérienne
14011097781,1989-10-25,F,Algérienne
14011097783,1989-09-08,F,Algérienne
14011097785,1987-03-24,M,Algérienne
14011198297,1992-06-07,M,Algérienne
14010796575,1987-04-25,F,Algérienne
14011097302,1990-05-19,M,Algérienne
14011097481,1991-04-01,M,Algérienne
14010896725,1990-10-12,M,Algérienne
14010896779,1987-04-20,M,MALIENNE
14010896783,1989-04-23,F,Algérienne
14010996895,1987-02-10,M,Algérienne
14010996915,1989-09-17,M,Algérienne
14010996957,1990-09-13,M,Algérienne
14010696403,1983-11-14,F,Algérienne
14011097565,1990-07-11,M,Algérienne
14011097589,1988-10-30,M,Algérienne
14011097636,1991-08-10,M,Algérienne
