id_student,algo_one,algo_two,current_year,study_level,status
14010696492,6.19,6.0,2,MIAS,Ajourné
14010696492,3.19,3.0,2,MIAS,Ajourné
14010696492,3.19,3.0,2,MIAS,Ajourné
14010696492,6.19,6.0,2,MIAS,Ajourné
14010696492,3.19,3.0,2,MIAS,Ajourné
14010696492,3.19,3.0,2,MIAS,Ajourné
14010696492,6.19,6.0,2,MIAS,Ajourné
14010696492,3.19,3.0,2,MIAS,Ajourné
14010696492,3.19,3.0,2,MIAS,Ajourné
14010796614,9.07,7.25,2,MIAS,Admis
14010796614,9.07,7.25,3,MIAS,Admis
14010796614,9.07,7.25,1,MGI,Admis
14010796614,9.07,7.25,2,MGI,Admis
14010796672,6.0,5.67,2,MIAS,Ajourné
14010796672,6.0,5.67,2,MIAS,Ajourné
14010796672,6.0,5.67,2,MIAS,Admis
14010796672,6.0,5.67,3,MIAS,Admis
14010796672,6.0,5.67,1,MGI,Ajourné
14010796674,5.88,8.75,2,MIAS,Ajourné
14010796674,5.88,8.75,2,MIAS,Admis
14010796674,5.88,8.75,3,MIAS,Ajourné
14010796674,5.88,8.75,3,MIAS,Ajourné
14010796674,5.88,8.75,3,MIAS,Admis
14010796674,5.88,8.75,1,MGI,Ajourné
14010896731,10.25,6.65,2,MIAS,Admis
14010896731,10.25,6.65,3,MIAS,Admis
14010896731,10.25,6.65,1,MGI,Ajourné
14010896731,10.25,6.65,1,MGI,Ajourné
14010896731,10.25,6.65,1,MGI,Ajourné
14010896757,10.2,13.57,2,MIAS,Ajourné
14010896757,10.2,13.57,2,MIAS,Admis
14010896757,10.2,13.57,3,MIAS,Admis
14010896757,10.2,13.57,1,MGI,Ajourné
14010896757,10.2,13.57,1,MGI,Admis
14010896757,10.2,13.57,2,MGI,Admis
14010896769,8.1,12.72,2,MIAS,Ajourné
14010896769,8.1,12.72,2,MIAS,Admis
14010896769,8.1,12.72,3,MIAS,Admis
14010896782,7.25,5.73,2,MIAS,Admis
14010896782,7.25,5.73,3,MIAS,Admis
14010896782,7.25,5.73,1,MGI,Ajourné
14010896782,7.25,5.73,1,MGI,Ajourné
14010896782,7.25,5.73,1,MGI,Ajourné
14010896790,7.32,7.59,2,MIAS,Admis
14010896790,7.32,7.59,3,MIAS,Admis
14010896790,7.32,7.59,1,MGI,Admis
14010896790,7.32,7.59,2,MGI,Admis
14010896797,8.44,8.5,2,MIAS,Admis
14010896797,8.44,8.5,3,MIAS,Admis
14010896797,8.44,8.5,1,MGI,Admis
14010896797,8.44,8.5,2,MGI,Admis
14010896799,5.94,5.5,2,MIAS,Admis
14010896799,5.94,5.5,3,MIAS,Admis
14010896799,5.94,5.5,1,MGI,Ajourné
14010896799,5.94,5.5,1,MGI,Admis
14010896799,5.94,5.5,2,MGI,Admis
14010896821,8.94,6.71,2,MIAS,Ajourné
14010896821,11.58,13.05,2,MIAS,Ajourné
14010896821,8.94,6.71,2,MIAS,Admis
14010896821,11.58,13.05,2,MIAS,Admis
14010896821,8.94,6.71,3,MIAS,Admis
14010896821,11.58,13.05,3,MIAS,Admis
14010896836,6.07,7.57,2,MIAS,Ajourné
14010896836,6.07,7.57,2,MIAS,Admis
14010896836,6.07,7.57,3,MIAS,Admis
14010896836,6.07,7.57,1,MGI,Admis
14010896836,6.07,7.57,2,MGI,Admis
14010896857,7.75,5.0,2,MIAS,Admis
14010896857,7.75,5.0,3,MIAS,Admis
14010896857,7.75,5.0,1,MGI,Ajourné
14010896857,7.75,5.0,1,MGI,Admis
14010896857,7.75,5.0,2,MGI,Admis
14010996874,11.75,7.5,2,MIAS,Admis
14010996874,11.75,7.5,3,MIAS,Admis
14010996874,11.75,7.5,1,MGI,Admis
14010996874,11.75,7.5,2,MGI,Admis
14010996875,8.07,7.25,2,MIAS,Ajourné
14010996875,10.25,11.56,2,MIAS,Ajourné
14010996875,8.07,7.25,2,MIAS,Admis
14010996875,10.25,11.56,2,MIAS,Admis
14010996875,8.07,7.25,3,MIAS,Admis
14010996875,10.25,11.56,3,MIAS,Admis
14010996875,8.07,7.25,1,MGI,Admis
14010996875,10.25,11.56,1,MGI,Admis
14010996875,8.07,7.25,2,MGI,Admis
14010996875,10.25,11.56,2,MGI,Admis
14010996877,15.38,10.02,2,MIAS,Admis
14010996877,15.38,10.02,3,MIAS,Admis
14010996877,15.38,10.02,1,MGI,Admis
14010996877,15.38,10.02,2,MGI,Admis
14010996878,19.32,18.13,2,MIAS,Admis
14010996878,19.32,18.13,3,MIAS,Admis
14010996878,19.32,18.13,1,MGI,Admis
14010996878,19.32,18.13,2,MGI,Admis
14010996886,10.57,10.0,2,MIAS,Admis
14010996886,10.57,10.0,3,MIAS,Admis
14010996886,10.57,10.0,1,MGI,Admis
14010996886,10.57,10.0,2,MGI,Admis
14010996892,12.15,11.39,1,MIAS,Admis
14010996892,12.15,11.39,2,MIAS,Admis
14010996892,12.15,11.39,3,MIAS,Admis
14010996892,12.15,11.39,1,MGI,Admis
14010996894,10.75,7.17,2,MIAS,Admis
14010996894,10.75,7.17,3,MIAS,Admis
14010996894,10.75,7.17,1,MGI,Admis
14010996894,10.75,7.17,2,MGI,Admis
14010996896,9.0,4.84,2,MIAS,Admis
14010996896,9.0,4.84,3,MIAS,Admis
14010996896,9.0,4.84,1,MGI,Admis
14010996896,9.0,4.84,2,MGI,Admis
14010996899,11.08,11.18,1,MIAS,Admis
14010996899,11.08,11.18,2,MIAS,Admis
14010996899,11.08,11.18,3,MIAS,Admis
14010996899,11.08,11.18,1,MGI,Admis
14010996901,11.88,10.0,2,MIAS,Admis
14010996901,11.88,10.0,3,MIAS,Admis
14010996901,11.88,10.0,1,MGI,Admis
14010996901,11.88,10.0,2,MGI,Admis
14010996902,13.63,11.92,2,MIAS,Admis
14010996902,13.63,11.92,3,MIAS,Admis
14010996902,13.63,11.92,1,MGI,Admis
14010996902,13.63,11.92,2,MGI,Admis
14010996903,10.13,10.03,2,MIAS,Admis
14010996903,10.13,10.03,3,MIAS,Admis
14010996903,10.13,10.03,1,MGI,Admis
14010996903,10.13,10.03,2,MGI,Admis
14010996905,11.35,13.3,1,MIAS,Admis
14010996905,11.35,13.3,2,MIAS,Admis
14010996905,11.35,13.3,3,MIAS,Admis
14010996905,11.35,13.3,1,MGI,Admis
14010996912,4.32,4.67,2,MIAS,Ajourné
14010996912,6.8,7.23,2,MIAS,Ajourné
14010996912,8.25,6.0,2,MIAS,Ajourné
14010996912,4.25,3.0,2,MIAS,Ajourné
14010996912,4.25,3.0,2,MIAS,Ajourné
14010996912,0.0,0.0,2,MIAS,Ajourné
14010996912,4.32,4.67,2,MIAS,Ajourné
14010996912,6.8,7.23,2,MIAS,Ajourné
14010996912,8.25,6.0,2,MIAS,Ajourné
14010996912,4.25,3.0,2,MIAS,Ajourné
14010996912,4.25,3.0,2,MIAS,Ajourné
14010996912,0.0,0.0,2,MIAS,Ajourné
14010996912,4.32,4.67,2,MIAS,Ajourné
14010996912,6.8,7.23,2,MIAS,Ajourné
14010996912,8.25,6.0,2,MIAS,Ajourné
14010996912,4.25,3.0,2,MIAS,Ajourné
14010996912,4.25,3.0,2,MIAS,Ajourné
14010996912,0.0,0.0,2,MIAS,Ajourné
14010996912,4.32,4.67,2,MIAS,Ajourné
14010996912,6.8,7.23,2,MIAS,Ajourné
14010996912,8.25,6.0,2,MIAS,Ajourné
14010996912,4.25,3.0,2,MIAS,Ajourné
14010996912,4.25,3.0,2,MIAS,Ajourné
14010996912,0.0,0.0,2,MIAS,Ajourné
14010996914,8.0,4.42,2,MIAS,Ajourné
14010996914,8.0,4.42,2,MIAS,Admis
14010996914,8.0,4.42,3,MIAS,Admis
14010996914,8.0,4.42,1,MGI,Admis
14010996921,19.07,19.17,2,MIAS,Admis
14010996921,19.07,19.17,3,MIAS,Admis
14010996921,19.07,19.17,1,MGI,Admis
14010996921,19.07,19.17,2,MGI,Admis
14010996922,10.05,7.41,1,MIAS,Ajourné
14010996922,10.05,7.41,1,MIAS,Admis
14010996922,10.05,7.41,2,MIAS,Admis
14010996922,10.05,7.41,3,MIAS,Admis
14010996923,19.25,18.3,2,MIAS,Admis
14010996923,19.25,18.3,3,MIAS,Admis
14010996923,19.25,18.3,1,MGI,Admis
14010996923,19.25,18.3,2,MGI,Admis
14010996929,11.63,10.59,2,MIAS,Admis
14010996929,11.63,10.59,3,MIAS,Admis
14010996929,11.63,10.59,1,MGI,Admis
14010996929,11.63,10.59,2,MGI,Admis
14010996934,10.07,10.0,2,MIAS,Admis
14010996934,10.07,10.0,3,MIAS,Admis
14010996934,10.07,10.0,1,MGI,Admis
14010996934,10.07,10.0,2,MGI,Admis
14010996939,18.44,16.09,2,MIAS,Admis
14010996939,18.44,16.09,3,MIAS,Admis
14010996939,18.44,16.09,1,MGI,Admis
14010996939,18.44,16.09,2,MGI,Admis
14010996940,15.19,15.63,2,MIAS,Admis
14010996940,15.19,15.63,3,MIAS,Admis
14010996940,15.19,15.63,1,MGI,Admis
14010996940,15.19,15.63,2,MGI,Admis
14010996947,11.28,10.59,1,MIAS,Admis
14010996947,11.28,10.59,2,MIAS,Ajourné
14010996947,11.28,10.59,2,MIAS,Ajourné
14010996947,11.28,10.59,2,MIAS,Admis
14010996948,12.75,10.0,2,MIAS,Admis
14010996948,12.75,10.0,3,MIAS,Admis
14010996948,12.75,10.0,1,MGI,Admis
14010996948,12.75,10.0,2,MGI,Admis
14010996950,10.0,10.0,2,MIAS,Admis
14010996950,10.0,10.0,3,MIAS,Admis
14010996950,10.0,10.0,1,MGI,Admis
14010996950,10.0,10.0,2,MGI,Admis
14010996952,10.07,10.0,2,MIAS,Admis
14010996952,10.07,10.0,3,MIAS,Admis
14010996952,10.07,10.0,1,MGI,Admis
14010996952,10.07,10.0,2,MGI,Admis
14010996953,10.0,7.0,3,MIAS,Admis
14010996953,10.0,7.0,1,MGI,Admis
14010996953,10.0,7.0,2,MGI,Admis
14010996954,12.13,10.0,3,MIAS,Admis
14010996954,12.13,10.0,1,MGI,Admis
14010996954,12.13,10.0,2,MGI,Admis
14010996963,10.75,11.02,1,MGI,Admis
14010996963,10.75,11.02,2,MGI,Admis
14010996967,10.38,10.01,1,MGI,Admis
14010996967,10.38,10.01,2,MGI,Admis
14010996970,12.13,10.65,3,MIAS,Admis
14010996970,12.13,10.65,1,MGI,Admis
14010996971,11.38,10.02,1,MGI,Admis
14010996971,11.38,10.02,2,MGI,Admis
14010996975,9.13,10.0,1,MGI,Admis
14010996975,9.13,10.0,2,MGI,Admis
14010996978,6.98,5.8,2,MIAS,Ajourné
14010996978,11.48,5.88,2,MIAS,Ajourné
14010996978,6.98,5.8,2,MIAS,Ajourné
14010996978,11.48,5.88,2,MIAS,Ajourné
14010996980,17.63,12.75,1,MGI,Admis
14010996980,17.63,12.75,2,MGI,Admis
14010996982,13.13,7.69,1,MGI,Admis
14010996982,13.13,7.69,2,MGI,Admis
14010996983,7.13,6.82,1,MGI,Admis
14010996983,7.13,6.82,2,MGI,Admis
14010996984,10.25,7.32,1,MGI,Ajourné
14010996984,10.25,7.32,1,MGI,Ajourné
14010997045,7.38,5.4,2,MIAS,Admis
14010997045,7.53,8.23,2,MIAS,Admis
14010997045,7.38,5.4,3,MIAS,Admis
14010997045,7.53,8.23,3,MIAS,Admis
14011097102,9.35,12.01,1,MIAS,Admis
14011097102,9.35,12.01,2,MIAS,Admis
14011097102,9.35,12.01,3,MIAS,Admis
14011097110,11.93,12.83,1,MIAS,Admis
14011097110,11.93,12.83,1,MGI,Admis
14011097110,11.93,12.83,2,MGI,Admis
14011097122,10.03,14.5,1,MIAS,Admis
14011097122,10.03,14.5,2,MIAS,Admis
14011097122,10.03,14.5,1,MGI,Admis
14011097122,10.03,14.5,2,MGI,Admis
14011097130,15.33,15.07,1,MIAS,Admis
14011097130,15.33,15.07,2,MIAS,Admis
14011097130,15.33,15.07,1,MGI,Admis
14011097130,15.33,15.07,2,MGI,Admis
14011097152,8.25,8.1,1,MIAS,Admis
14011097152,8.3,8.11,1,MIAS,Admis
14011097152,8.25,8.1,2,MIAS,Ajourné
14011097152,8.3,8.11,2,MIAS,Ajourné
14011097152,8.25,8.1,3,MIAS,Ajourné
14011097152,8.3,8.11,3,MIAS,Ajourné
14011097152,8.25,8.1,3,MIAS,Admis
14011097152,8.3,8.11,3,MIAS,Admis
14011097152,8.25,8.1,1,MGI,Admis
14011097152,8.3,8.11,1,MGI,Admis
14011097177,10.85,10.56,1,MIAS,Ajourné
14011097177,10.85,10.56,1,MIAS,Admis
14011097177,10.85,10.56,2,MIAS,Admis
14011097177,10.85,10.56,3,MIAS,Admis
14011097177,10.85,10.56,1,MGI,Admis
14011097185,12.1,11.55,1,MIAS,Admis
14011097185,12.1,11.55,2,MIAS,Admis
14011097185,12.1,11.55,1,MGI,Admis
14011097185,12.1,11.55,2,MGI,Admis
14011097193,12.7,13.73,1,MIAS,Admis
14011097193,12.7,13.73,2,MIAS,Admis
14011097193,12.7,13.73,1,MGI,Admis
14011097193,12.7,13.73,2,MGI,Admis
14011097195,10.25,10.06,1,MIAS,Admis
14011097195,10.25,10.06,2,MIAS,Ajourné
14011097195,10.25,10.06,3,MIAS,Admis
14011097203,14.8,10.02,1,MIAS,Ajourné
14011097203,14.8,10.02,1,MIAS,Admis
14011097203,14.8,10.02,3,MIAS,Admis
14011097203,14.8,10.02,1,MGI,Admis
14011097203,14.8,10.02,2,MGI,Admis
14011097242,11.6,14.76,1,MIAS,Admis
14011097242,11.6,14.76,2,MIAS,Admis
14011097242,11.6,14.76,1,MGI,Admis
14011097242,11.6,14.76,2,MGI,Admis
14011097248,15.85,16.34,1,MIAS,Admis
14011097248,15.85,16.34,2,MIAS,Admis
14011097248,15.85,16.34,1,MGI,Admis
14011097248,15.85,16.34,2,MGI,Admis
14011097250,15.45,16.36,1,MIAS,Admis
14011097250,15.45,16.36,2,MIAS,Admis
14011097250,15.45,16.36,1,MGI,Admis
14011097250,15.45,16.36,2,MGI,Admis
14011097256,13.2,13.37,1,MIAS,Admis
14011097256,13.2,13.37,2,MIAS,Admis
14011097256,13.2,13.37,1,MGI,Admis
14011097256,13.2,13.37,2,MGI,Admis
14011097264,9.4,8.17,1,MIAS,Ajourné
14011097264,10.15,5.17,1,MIAS,Ajourné
14011097264,9.4,8.17,1,MIAS,Admis
14011097264,10.15,5.17,1,MIAS,Admis
14011097264,9.4,8.17,2,MIAS,Ajourné
14011097264,10.15,5.17,2,MIAS,Ajourné
14011097264,9.4,8.17,2,MIAS,Ajourné
14011097264,10.15,5.17,2,MIAS,Ajourné
14011097264,9.4,8.17,2,MIAS,Ajourné
14011097264,10.15,5.17,2,MIAS,Ajourné
14011097266,9.15,11.94,1,MIAS,Admis
14011097266,9.15,11.94,2,MIAS,Admis
14011097266,9.15,11.94,1,MGI,Admis
14011097266,9.15,11.94,2,MGI,Admis
14011097274,11.1,10.06,1,MIAS,Ajourné
14011097274,11.1,10.06,1,MIAS,Admis
14011097274,11.1,10.06,3,MIAS,Admis
14011097274,11.1,10.06,1,MGI,Admis
14011097274,11.1,10.06,2,MGI,Admis
14011097276,8.94,11.95,1,MIAS,Ajourné
14011097276,8.94,11.95,1,MIAS,Admis
14011097276,8.94,11.95,3,MIAS,Admis
14011097276,8.94,11.95,1,MGI,Admis
14011097276,8.94,11.95,2,MGI,Admis
14011097286,11.13,10.43,1,MIAS,Admis
14011097286,11.13,10.43,2,MIAS,Admis
14011097286,11.13,10.43,1,MGI,Admis
14011097286,11.13,10.43,2,MGI,Admis
14011097290,9.03,7.44,1,MIAS,Admis
14011097290,9.03,7.44,2,MIAS,Ajourné
14011097290,9.03,7.44,3,MIAS,Admis
14011097290,9.03,7.44,1,MGI,Ajourné
14011097290,9.03,7.44,1,MGI,Admis
14011097292,10.1,11.34,1,MIAS,Admis
14011097292,10.1,11.34,2,MIAS,Admis
14011097292,10.1,11.34,1,MGI,Admis
14011097292,10.1,11.34,2,MGI,Admis
14011097300,9.3,8.28,1,MIAS,Admis
14011097300,9.3,8.28,2,MIAS,Ajourné
14011097300,9.3,8.28,2,MIAS,Admis
14011097300,9.3,8.28,3,MIAS,Admis
14011097300,9.3,8.28,1,MGI,Admis
14011097315,15.35,18.25,1,MIAS,Admis
14011097315,15.35,18.25,2,MIAS,Admis
14011097315,15.35,18.25,1,MGI,Admis
14011097315,15.35,18.25,2,MGI,Admis
14011097323,11.1,10.03,1,MIAS,Admis
14011097323,11.1,10.03,2,MIAS,Admis
14011097323,11.1,10.03,1,MGI,Admis
14011097323,11.1,10.03,2,MGI,Admis
14011097330,9.03,10.04,1,MIAS,Admis
14011097330,9.03,10.04,2,MIAS,Admis
14011097330,9.03,10.04,1,MGI,Admis
14011097330,9.03,10.04,2,MGI,Admis
14011097339,11.1,13.09,1,MIAS,Admis
14011097339,11.1,13.09,2,MIAS,Admis
14011097339,11.1,13.09,3,MIAS,Admis
14011097339,11.1,13.09,1,MGI,Admis
14011097339,11.1,13.09,2,MGI,Admis
14011097354,12.78,10.39,1,MIAS,Admis
14011097354,12.78,10.39,2,MIAS,Admis
14011097354,12.78,10.39,3,MIAS,Admis
14011097354,12.78,10.39,1,MGI,Admis
14011097354,12.78,10.39,2,MGI,Admis
14011097363,13.13,13.6,1,MIAS,Admis
14011097363,13.13,13.6,2,MIAS,Admis
14011097363,13.13,13.6,3,MIAS,Admis
14011097363,13.13,13.6,1,MGI,Admis
14011097363,13.13,13.6,2,MGI,Admis
14011097368,9.03,10.03,1,MIAS,Admis
14011097368,9.03,10.03,2,MIAS,Ajourné
14011097368,9.03,10.03,2,MIAS,Admis
14011097368,9.03,10.03,3,MIAS,Admis
14011097368,9.03,10.03,1,MGI,Admis
14011097368,9.03,10.03,2,MGI,Admis
14011097372,13.63,12.01,1,MIAS,Admis
14011097372,13.63,12.01,2,MIAS,Admis
14011097372,13.63,12.01,3,MIAS,Admis
14011097372,13.63,12.01,1,MGI,Admis
14011097372,13.63,12.01,2,MGI,Admis
14011097377,11.63,11.65,1,MIAS,Admis
14011097377,11.63,11.65,2,MIAS,Admis
14011097377,11.63,11.65,3,MIAS,Admis
14011097377,11.63,11.65,1,MGI,Admis
14011097377,11.63,11.65,2,MGI,Admis
14011097400,13.65,14.36,1,MIAS,Admis
14011097400,13.65,14.36,2,MIAS,Admis
14011097400,13.65,14.36,3,MIAS,Admis
14011097400,13.65,14.36,1,MGI,Admis
14011097400,13.65,14.36,2,MGI,Admis
14011097401,12.13,13.66,1,MIAS,Admis
14011097401,12.13,13.66,2,MIAS,Admis
14011097401,12.13,13.66,3,MIAS,Admis
14011097401,12.13,13.66,1,MGI,Admis
14011097401,12.13,13.66,2,MGI,Admis
14011097402,10.12,11.73,1,MIAS,Admis
14011097402,10.12,11.73,2,MIAS,Admis
14011097402,10.12,11.73,3,MIAS,Admis
14011097402,10.12,11.73,1,MGI,Admis
14011097402,10.12,11.73,2,MGI,Admis
14011097416,10.7,10.1,1,MIAS,Ajourné
14011097416,10.7,10.1,1,MIAS,Admis
14011097416,10.7,10.1,2,MIAS,Admis
14011097416,10.7,10.1,3,MIAS,Admis
14011097416,10.7,10.1,1,MGI,Admis
14011097416,10.7,10.1,2,MGI,Admis
14011097420,11.43,10.88,1,MIAS,Admis
14011097420,11.43,10.88,2,MIAS,Admis
14011097420,11.43,10.88,3,MIAS,Admis
14011097420,11.43,10.88,1,MGI,Admis
14011097420,11.43,10.88,2,MGI,Admis
14011097422,12.55,13.66,1,MIAS,Admis
14011097422,12.55,13.66,2,MIAS,Admis
14011097422,12.55,13.66,3,MIAS,Admis
14011097422,12.55,13.66,1,MGI,Admis
14011097422,12.55,13.66,2,MGI,Admis
14011097436,12.2,12.63,1,MIAS,Admis
14011097436,12.2,12.63,2,MIAS,Ajourné
14011097436,12.2,12.63,2,MIAS,Ajourné
14011097436,12.2,12.63,2,MIAS,Ajourné
14011097436,12.2,12.63,2,MIAS,Ajourné
14011097436,12.2,12.63,2,MIAS,Ajourné
14011097441,16.03,16.2,1,MIAS,Admis
14011097441,16.03,16.2,2,MIAS,Admis
14011097441,16.03,16.2,3,MIAS,Admis
14011097441,16.03,16.2,1,MGI,Admis
14011097441,16.03,16.2,2,MGI,Admis
14011097448,11.35,13.15,1,MIAS,Admis
14011097448,11.35,13.15,2,MIAS,Admis
14011097448,11.35,13.15,3,MIAS,Admis
14011097448,11.35,13.15,1,MGI,Admis
14011097448,11.35,13.15,2,MGI,Admis
14011097456,8.45,7.77,1,MIAS,Admis
14011097456,10.68,10.61,1,MIAS,Admis
14011097456,8.45,7.77,2,MIAS,Ajourné
14011097456,10.68,10.61,2,MIAS,Ajourné
14011097456,8.45,7.77,2,MIAS,Admis
14011097456,10.68,10.61,2,MIAS,Admis
14011097456,8.45,7.77,3,MIAS,Admis
14011097456,10.68,10.61,3,MIAS,Admis
14011097456,8.45,7.77,1,MGI,Admis
14011097456,10.68,10.61,1,MGI,Admis
14011097456,8.45,7.77,2,MGI,Admis
14011097456,10.68,10.61,2,MGI,Admis
14011097458,11.6,10.94,1,MIAS,Admis
14011097458,11.6,10.94,2,MIAS,Admis
14011097458,11.6,10.94,3,MIAS,Admis
14011097458,11.6,10.94,1,MGI,Ajourné
14011097458,11.6,10.94,1,MGI,Ajourné
14011097458,11.6,10.94,1,MGI,Ajourné
14011097462,12.65,12.2,1,MIAS,Admis
14011097462,12.65,12.2,2,MIAS,Admis
14011097462,12.65,12.2,3,MIAS,Admis
14011097462,12.65,12.2,1,MGI,Admis
14011097462,12.65,12.2,2,MGI,Admis
14011097464,7.6,10.89,1,MIAS,Ajourné
14011097464,7.6,10.89,1,MIAS,Admis
14011097464,7.6,10.89,2,MIAS,Ajourné
14011097464,7.6,10.89,2,MIAS,Admis
14011097464,7.6,10.89,3,MIAS,Admis
14011097464,7.6,10.89,1,MGI,Ajourné
14011097465,10.38,12.61,1,MIAS,Admis
14011097465,10.38,12.61,2,MIAS,Admis
14011097465,10.38,12.61,3,MIAS,Admis
14011097465,10.38,12.61,1,MGI,Admis
14011097465,10.38,12.61,2,MGI,Admis
14011097471,11.68,8.27,1,MIAS,Admis
14011097471,11.68,8.27,2,MIAS,Admis
14011097471,11.68,8.27,3,MIAS,Admis
14011097471,11.68,8.27,1,MGI,Admis
14011097471,11.68,8.27,2,MGI,Admis
14011097473,7.93,10.03,1,MIAS,Admis
14011097473,7.93,10.03,2,MIAS,Admis
14011097473,7.93,10.03,3,MIAS,Admis
14011097473,7.93,10.03,1,MGI,Admis
14011097473,7.93,10.03,2,MGI,Admis
14011097478,11.04,10.79,1,MIAS,Ajourné
14011097478,11.04,10.79,1,MIAS,Ajourné
14011097478,11.04,10.79,1,MIAS,Admis
14011097478,11.04,10.79,2,MIAS,Admis
14011097478,11.04,10.79,3,MIAS,Admis
14011097478,11.04,10.79,1,MGI,Admis
14011097482,10.33,10.27,1,MIAS,Admis
14011097482,10.33,10.27,2,MIAS,Admis
14011097482,10.33,10.27,3,MIAS,Admis
14011097482,10.33,10.27,1,MGI,Admis
14011097482,10.33,10.27,2,MGI,Admis
14011097484,10.9,10.05,1,MIAS,Admis
14011097484,10.9,10.05,2,MIAS,Admis
14011097484,10.9,10.05,3,MIAS,Admis
14011097484,10.9,10.05,1,MGI,Admis
14011097484,10.9,10.05,2,MGI,Admis
14011097486,12.4,16.39,1,MIAS,Admis
14011097486,12.4,16.39,2,MIAS,Admis
14011097486,12.4,16.39,3,MIAS,Admis
14011097494,15.45,16.54,1,MIAS,Admis
14011097494,15.45,16.54,2,MIAS,Admis
14011097494,15.45,16.54,3,MIAS,Admis
14011097496,8.28,10.24,1,MIAS,Admis
14011097496,8.28,10.24,2,MIAS,Ajourné
14011097496,8.28,10.24,2,MIAS,Admis
14011097496,8.28,10.24,3,MIAS,Admis
14011097496,8.28,10.24,1,MGI,Ajourné
14011097496,8.28,10.24,1,MGI,Admis
14011097502,12.28,11.59,1,MIAS,Admis
14011097502,12.28,11.59,2,MIAS,Admis
14011097502,12.28,11.59,3,MIAS,Admis
14011097502,12.28,11.59,1,MGI,Admis
14011097502,12.28,11.59,2,MGI,Admis
14011097505,12.08,10.04,1,MIAS,Admis
14011097505,12.08,10.04,2,MIAS,Admis
14011097505,12.08,10.04,3,MIAS,Admis
14011097505,12.08,10.04,1,MGI,Admis
14011097505,12.08,10.04,2,MGI,Admis
14011097506,8.62,10.2,1,MIAS,Admis
14011097506,8.62,10.2,2,MIAS,Ajourné
14011097506,8.62,10.2,2,MIAS,Admis
14011097506,8.62,10.2,3,MIAS,Admis
14011097506,8.62,10.2,1,MGI,Ajourné
14011097506,8.62,10.2,1,MGI,Ajourné
14011097518,13.33,11.33,1,MIAS,Admis
14011097518,13.33,11.33,2,MIAS,Admis
14011097518,13.33,11.33,3,MIAS,Admis
14011097518,13.33,11.33,1,MGI,Admis
14011097518,13.33,11.33,2,MGI,Admis
14011097527,8.1,7.56,1,MIAS,Admis
14011097527,8.1,7.56,2,MIAS,Admis
14011097527,8.1,7.56,3,MIAS,Admis
14011097527,8.1,7.56,1,MGI,Admis
14011097527,8.1,7.56,2,MGI,Admis
14011097531,9.58,7.05,1,MIAS,Admis
14011097531,9.58,7.05,2,MIAS,Admis
14011097531,9.58,7.05,3,MIAS,Admis
14011097531,9.58,7.05,1,MGI,Admis
14011097531,9.58,7.05,2,MGI,Admis
14011097534,11.73,10.27,1,MIAS,Admis
14011097534,11.73,10.27,2,MIAS,Admis
14011097534,11.73,10.27,3,MIAS,Admis
14011097534,11.73,10.27,1,MGI,Ajourné
14011097534,11.73,10.27,1,MGI,Ajourné
14011097543,10.48,10.49,1,MIAS,Admis
14011097543,10.48,10.49,2,MIAS,Ajourné
14011097543,10.48,10.49,2,MIAS,Admis
14011097543,10.48,10.49,3,MIAS,Admis
14011097543,10.48,10.49,1,MGI,Admis
14011097543,10.48,10.49,2,MGI,Admis
14011097544,11.6,10.11,1,MIAS,Ajourné
14011097544,11.6,10.11,1,MIAS,Admis
14011097544,11.6,10.11,2,MIAS,Admis
14011097544,11.6,10.11,3,MIAS,Admis
14011097544,11.6,10.11,1,MGI,Admis
14011097544,11.6,10.11,2,MGI,Ajourné
14011097546,14.9,13.26,1,MIAS,Admis
14011097546,14.9,13.26,2,MIAS,Admis
14011097546,14.9,13.26,3,MIAS,Admis
14011097546,14.9,13.26,1,MGI,Admis
14011097546,14.9,13.26,2,MGI,Admis
14011097549,8.13,10.36,1,MIAS,Admis
14011097549,8.13,10.36,2,MIAS,Admis
14011097549,8.13,10.36,3,MIAS,Admis
14011097549,8.13,10.36,1,MGI,Admis
14011097549,8.13,10.36,2,MGI,Admis
14011097551,10.15,10.26,1,MIAS,Admis
14011097551,10.15,10.26,2,MIAS,Ajourné
14011097551,10.15,10.26,2,MIAS,Admis
14011097551,10.15,10.26,3,MIAS,Admis
14011097564,13.55,11.73,1,MIAS,Admis
14011097564,13.55,11.73,2,MIAS,Admis
14011097564,13.55,11.73,3,MIAS,Admis
14011097564,13.55,11.73,1,MGI,Admis
14011097564,13.55,11.73,2,MGI,Admis
14011097571,9.05,8.07,1,MIAS,Ajourné
14011097571,9.05,8.07,1,MIAS,Admis
14011097571,9.05,8.07,2,MIAS,Ajourné
14011097571,9.05,8.07,2,MIAS,Admis
14011097571,9.05,8.07,3,MIAS,Admis
14011097571,9.05,8.07,1,MGI,Ajourné
14011097588,9.25,2.51,1,MIAS,Ajourné
14011097588,17.1,11.64,1,MIAS,Ajourné
14011097588,9.25,2.51,1,MIAS,Admis
14011097588,17.1,11.64,1,MIAS,Admis
14011097588,9.25,2.51,2,MIAS,Ajourné
14011097588,17.1,11.64,2,MIAS,Ajourné
14011097588,9.25,2.51,2,MIAS,Admis
14011097588,17.1,11.64,2,MIAS,Admis
14011097588,9.25,2.51,3,MIAS,Admis
14011097588,17.1,11.64,3,MIAS,Admis
14011097588,9.25,2.51,1,MGI,Ajourné
14011097588,17.1,11.64,1,MGI,Ajourné
14011097593,8.8,7.0,1,MIAS,Admis
14011097593,5.3,4.5,1,MIAS,Admis
14011097593,5.3,4.5,1,MIAS,Admis
14011097593,5.3,4.5,1,MIAS,Admis
14011097593,0.0,0.0,1,MIAS,Admis
14011097593,8.8,7.0,2,MIAS,Ajourné
14011097593,5.3,4.5,2,MIAS,Ajourné
14011097593,5.3,4.5,2,MIAS,Ajourné
14011097593,5.3,4.5,2,MIAS,Ajourné
14011097593,0.0,0.0,2,MIAS,Ajourné
14011097593,8.8,7.0,2,MIAS,Ajourné
14011097593,5.3,4.5,2,MIAS,Ajourné
14011097593,5.3,4.5,2,MIAS,Ajourné
14011097593,5.3,4.5,2,MIAS,Ajourné
14011097593,0.0,0.0,2,MIAS,Ajourné
14011097593,8.8,7.0,2,MIAS,Ajourné
14011097593,5.3,4.5,2,MIAS,Ajourné
14011097593,5.3,4.5,2,MIAS,Ajourné
14011097593,5.3,4.5,2,MIAS,Ajourné
14011097593,0.0,0.0,2,MIAS,Ajourné
14011097593,8.8,7.0,2,MIAS,Ajourné
14011097593,5.3,4.5,2,MIAS,Ajourné
14011097593,5.3,4.5,2,MIAS,Ajourné
14011097593,5.3,4.5,2,MIAS,Ajourné
14011097593,0.0,0.0,2,MIAS,Ajourné
14011097593,8.8,7.0,2,MIAS,Ajourné
14011097593,5.3,4.5,2,MIAS,Ajourné
14011097593,5.3,4.5,2,MIAS,Ajourné
14011097593,5.3,4.5,2,MIAS,Ajourné
14011097593,0.0,0.0,2,MIAS,Ajourné
14011097599,8.05,10.0,1,MIAS,Admis
14011097599,8.05,10.0,2,MIAS,Admis
14011097599,8.05,10.0,3,MIAS,Admis
14011097599,8.05,10.0,1,MGI,Admis
14011097599,8.05,10.0,2,MGI,Admis
14011097606,7.85,8.11,1,MIAS,Admis
14011097606,11.33,7.16,1,MIAS,Admis
14011097606,7.85,8.11,2,MIAS,Ajourné
14011097606,11.33,7.16,2,MIAS,Ajourné
14011097606,7.85,8.11,2,MIAS,Admis
14011097606,11.33,7.16,2,MIAS,Admis
14011097606,7.85,8.11,3,MIAS,Admis
14011097606,11.33,7.16,3,MIAS,Admis
14011097606,7.85,8.11,1,MGI,Admis
14011097606,11.33,7.16,1,MGI,Admis
14011097606,7.85,8.11,2,MGI,Admis
14011097606,11.33,7.16,2,MGI,Admis
14011097609,9.6,6.63,1,MIAS,Ajourné
14011097609,9.6,6.63,1,MIAS,Admis
14011097609,9.6,6.63,2,MIAS,Ajourné
14011097609,9.6,6.63,2,MIAS,Admis
14011097609,9.6,6.63,3,MIAS,Admis
14011097609,9.6,6.63,1,MGI,Ajourné
14011097615,9.28,9.19,1,MIAS,Admis
14011097615,9.28,9.19,2,MIAS,Admis
14011097615,9.28,9.19,3,MIAS,Admis
14011097615,9.28,9.19,1,MGI,Admis
14011097615,9.28,9.19,2,MGI,Admis
14011097616,2.7,4.7,1,MIAS,Admis
14011097616,10.93,10.11,1,MIAS,Admis
14011097616,2.7,4.7,2,MIAS,Ajourné
14011097616,10.93,10.11,2,MIAS,Ajourné
14011097616,2.7,4.7,2,MIAS,Admis
14011097616,10.93,10.11,2,MIAS,Admis
14011097616,2.7,4.7,3,MIAS,Admis
14011097616,10.93,10.11,3,MIAS,Admis
14011097616,2.7,4.7,1,MGI,Admis
14011097616,10.93,10.11,1,MGI,Admis
14011097616,2.7,4.7,2,MGI,Admis
14011097616,10.93,10.11,2,MGI,Admis
14011097617,13.5,11.39,1,MIAS,Admis
14011097617,13.5,11.39,2,MIAS,Admis
14011097617,13.5,11.39,3,MIAS,Admis
14011097617,13.5,11.39,1,MGI,Admis
14011097617,13.5,11.39,2,MGI,Admis
14011097629,11.2,11.2,1,MIAS,Admis
14011097629,11.2,11.2,2,MIAS,Admis
14011097629,11.2,11.2,3,MIAS,Admis
14011097629,11.2,11.2,1,MGI,Admis
14011097629,11.2,11.2,2,MGI,Admis
14011097631,12.1,12.4,1,MIAS,Admis
14011097631,12.1,12.4,2,MIAS,Admis
14011097631,12.1,12.4,3,MIAS,Admis
14011097631,12.1,12.4,1,MGI,Admis
14011097631,12.1,12.4,2,MGI,Admis
14011097632,9.33,11.45,1,MIAS,Admis
14011097632,9.33,11.45,2,MIAS,Admis
14011097632,9.33,11.45,3,MIAS,Admis
14011097632,9.33,11.45,1,MGI,Admis
14011097632,9.33,11.45,2,MGI,Admis
14011097634,14.45,12.93,1,MIAS,Ajourné
14011097634,14.45,12.93,1,MIAS,Admis
14011097634,14.45,12.93,2,MIAS,Admis
14011097634,14.45,12.93,3,MIAS,Admis
14011097634,14.45,12.93,1,MGI,Admis
14011097634,14.45,12.93,2,MGI,Admis
14011097786,11.79,10.73,2,MIAS,Admis
14011097786,11.79,10.73,3,MIAS,Admis
14011097786,11.79,10.73,1,MGI,Admis
14011097786,11.79,10.73,2,MGI,Admis
14011197795,8.15,7.63,1,MIAS,Admis
14011197795,8.15,7.63,2,MIAS,Admis
14011197795,8.15,7.63,3,MIAS,Admis
14011197795,8.15,7.63,1,MGI,Admis
14011197795,8.15,7.63,2,MGI,Admis
14011197798,10.58,9.44,1,MIAS,Admis
14011197798,10.58,9.44,2,MIAS,Admis
14011197798,10.58,9.44,3,MIAS,Admis
14011197798,10.58,9.44,1,MGI,Admis
14011197798,10.58,9.44,2,MGI,Admis
14011197807,9.29,9.12,1,MIAS,Admis
14011197807,9.29,9.12,2,MIAS,Admis
14011197807,9.29,9.12,3,MIAS,Admis
14011197808,9.55,8.3,1,MIAS,Admis
14011197808,9.55,8.3,2,MIAS,Ajourné
14011197808,9.55,8.3,2,MIAS,Admis
14011197808,9.55,8.3,3,MIAS,Admis
14011197808,9.55,8.3,1,MGI,Admis
14011197810,11.1,9.05,1,MIAS,Admis
14011197810,11.1,9.05,2,MIAS,Admis
14011197810,11.1,9.05,3,MIAS,Admis
14011197810,11.1,9.05,1,MGI,Admis
14011197810,11.1,9.05,2,MGI,Admis
14011197816,13.59,12.76,1,MIAS,Admis
14011197816,13.59,12.76,2,MIAS,Admis
14011197816,13.59,12.76,3,MIAS,Admis
14011197816,13.59,12.76,1,MGI,Admis
14011197816,13.59,12.76,2,MGI,Admis
14011197866,12.65,7.1,1,MIAS,Admis
14011197866,12.65,7.1,2,MIAS,Admis
14011197866,12.65,7.1,3,MIAS,Admis
14011197866,12.65,7.1,1,MGI,Admis
14011197866,12.65,7.1,2,MGI,Admis
14011197872,6.5,11.06,1,MIAS,Admis
14011197872,6.5,11.06,2,MIAS,Admis
14011197872,6.5,11.06,3,MIAS,Admis
14011197872,6.5,11.06,1,MGI,Admis
14011197872,6.5,11.06,2,MGI,Admis
14011197876,12.62,7.81,1,MIAS,Admis
14011197876,12.62,7.81,2,MIAS,Admis
14011197876,12.62,7.81,3,MIAS,Admis
14011197876,12.62,7.81,1,MGI,Admis
14011197876,12.62,7.81,2,MGI,Admis
14011197877,12.5,5.94,1,MIAS,Admis
14011197877,12.5,5.94,2,MIAS,Admis
14011197877,12.5,5.94,3,MIAS,Admis
14011197877,12.5,5.94,1,MGI,Admis
14011197877,12.5,5.94,2,MGI,Admis
14011197893,9.65,10.04,1,MIAS,Admis
14011197893,9.65,10.04,2,MIAS,Ajourné
14011197893,9.65,10.04,2,MIAS,Admis
14011197893,9.65,10.04,3,MIAS,Admis
14011197893,9.65,10.04,1,MGI,Ajourné
14011197914,12.65,13.66,1,MIAS,Admis
14011197914,12.65,13.66,2,MIAS,Admis
14011197914,12.65,13.66,3,MIAS,Admis
14011197914,12.65,13.66,1,MGI,Admis
14011197914,12.65,13.66,2,MGI,Admis
14011197918,12.45,10.05,1,MIAS,Admis
14011197918,12.45,10.05,2,MIAS,Admis
14011197918,12.45,10.05,3,MIAS,Admis
14011197918,12.45,10.05,1,MGI,Admis
14011197918,12.45,10.05,2,MGI,Admis
14011197922,13.65,12.26,1,MIAS,Admis
14011197922,13.65,12.26,2,MIAS,Admis
14011197922,13.65,12.26,3,MIAS,Admis
14011197922,13.65,12.26,1,MGI,Admis
14011197922,13.65,12.26,2,MGI,Admis
14011197923,13.09,13.91,1,MIAS,Admis
14011197923,13.09,13.91,2,MIAS,Admis
14011197923,13.09,13.91,3,MIAS,Admis
14011197923,13.09,13.91,1,MGI,Admis
14011197923,13.09,13.91,2,MGI,Admis
14011197936,12.2,6.16,1,MIAS,Admis
14011197936,12.2,6.16,2,MIAS,Admis
14011197936,12.2,6.16,3,MIAS,Admis
14011197936,12.2,6.16,1,MGI,Admis
14011197936,12.2,6.16,2,MGI,Admis
14011197939,14.45,10.31,1,MIAS,Admis
14011197939,14.45,10.31,2,MIAS,Admis
14011197939,14.45,10.31,3,MIAS,Admis
14011197939,14.45,10.31,1,MGI,Admis
14011197939,14.45,10.31,2,MGI,Admis
14011197947,12.1,10.45,1,MIAS,Admis
14011197947,12.1,10.45,2,MIAS,Admis
14011197947,12.1,10.45,3,MIAS,Admis
14011197947,12.1,10.45,1,MGI,Admis
14011197947,12.1,10.45,2,MGI,Admis
14011197960,10.9,9.74,1,MIAS,Ajourné
14011197960,10.9,9.74,1,MIAS,Admis
14011197960,10.9,9.74,2,MIAS,Admis
14011197960,10.9,9.74,3,MIAS,Admis
14011197960,10.9,9.74,1,MGI,Admis
14011197965,9.65,10.06,1,MIAS,Admis
14011197965,9.65,10.06,2,MIAS,Admis
14011197965,9.65,10.06,3,MIAS,Admis
14011197965,9.65,10.06,1,MGI,Ajourné
14011197966,12.15,10.26,1,MIAS,Admis
14011197966,12.15,10.26,2,MIAS,Admis
14011197966,12.15,10.26,3,MIAS,Admis
14011197966,12.15,10.26,1,MGI,Admis
14011197966,12.15,10.26,2,MGI,Admis
14011197977,9.7,10.61,1,MIAS,Admis
14011197977,9.7,10.61,2,MIAS,Admis
14011197977,9.7,10.61,3,MIAS,Admis
14011197977,9.7,10.61,1,MGI,Admis
14011197977,9.7,10.61,2,MGI,Admis
14011197979,11.9,10.6,1,MIAS,Admis
14011197979,11.9,10.6,2,MIAS,Admis
14011197979,11.9,10.6,3,MIAS,Admis
14011197979,11.9,10.6,1,MGI,Admis
14011197979,11.9,10.6,2,MGI,Admis
14011197993,11.7,10.06,1,MIAS,Admis
14011197993,11.7,10.06,2,MIAS,Admis
14011197993,11.7,10.06,3,MIAS,Ajourné
14011197993,11.7,10.06,3,MIAS,Admis
14011197993,11.7,10.06,1,MGI,Admis
14011197999,13.85,11.57,1,MIAS,Admis
14011197999,13.85,11.57,2,MIAS,Admis
14011197999,13.85,11.57,3,MIAS,Admis
14011197999,13.85,11.57,1,MGI,Admis
14011197999,13.85,11.57,2,MGI,Admis
14011198007,10.15,11.28,1,MIAS,Admis
14011198007,10.15,11.28,2,MIAS,Admis
14011198007,10.15,11.28,3,MIAS,Admis
14011198007,10.15,11.28,1,MGI,Admis
14011198007,10.15,11.28,2,MGI,Admis
14011198010,10.5,10.42,1,MIAS,Admis
14011198010,10.5,10.42,2,MIAS,Admis
14011198010,10.5,10.42,3,MIAS,Admis
14011198010,10.5,10.42,1,MGI,Admis
14011198010,10.5,10.42,2,MGI,Admis
14011198012,13.6,11.87,1,MIAS,Admis
14011198012,13.6,11.87,2,MIAS,Admis
14011198012,13.6,11.87,3,MIAS,Admis
14011198012,13.6,11.87,1,MGI,Admis
14011198012,13.6,11.87,2,MGI,Admis
14011198023,12.54,8.83,1,MIAS,Admis
14011198023,12.54,8.83,2,MIAS,Ajourné
14011198023,12.54,8.83,2,MIAS,Ajourné
14011198023,12.54,8.83,2,MIAS,Ajourné
14011198023,12.54,8.83,2,MIAS,Ajourné
14011198033,11.05,7.28,1,MIAS,Admis
14011198033,11.05,7.28,2,MIAS,Admis
14011198033,11.05,7.28,3,MIAS,Admis
14011198033,11.05,7.28,1,MGI,Admis
14011198033,11.05,7.28,2,MGI,Admis
14011198041,12.85,13.07,1,MIAS,Admis
14011198041,12.85,13.07,2,MIAS,Admis
14011198041,12.85,13.07,3,MIAS,Admis
14011198041,12.85,13.07,1,MGI,Admis
14011198041,12.85,13.07,2,MGI,Admis
14011198043,11.9,10.35,1,MIAS,Ajourné
14011198043,11.9,10.35,1,MIAS,Admis
14011198043,11.9,10.35,2,MIAS,Ajourné
14011198043,11.9,10.35,2,MIAS,Ajourné
14011198043,11.9,10.35,2,MIAS,Ajourné
14011198053,8.2,9.57,1,MIAS,Ajourné
14011198053,8.2,9.57,1,MIAS,Admis
14011198053,8.2,9.57,2,MIAS,Ajourné
14011198053,8.2,9.57,2,MIAS,Ajourné
14011198053,8.2,9.57,2,MIAS,Ajourné
14011198067,10.2,7.66,1,MIAS,Admis
14011198067,10.2,7.66,2,MIAS,Admis
14011198067,10.2,7.66,3,MIAS,Ajourné
14011198067,10.2,7.66,3,MIAS,Ajourné
14011198067,10.2,7.66,3,MIAS,Ajourné
14011198070,15.0,9.72,1,MIAS,Ajourné
14011198070,15.0,9.72,1,MIAS,Admis
14011198070,15.0,9.72,2,MIAS,Admis
14011198070,15.0,9.72,3,MIAS,Admis
14011198072,12.6,12.27,1,MIAS,Admis
14011198072,12.6,12.27,2,MIAS,Admis
14011198072,12.6,12.27,3,MIAS,Admis
14011198072,12.6,12.27,1,MGI,Admis
14011198072,12.6,12.27,2,MGI,Admis
14011198084,11.35,10.02,1,MIAS,Admis
14011198084,11.35,10.02,2,MIAS,Admis
14011198084,11.35,10.02,3,MIAS,Admis
14011198084,11.35,10.02,1,MGI,Admis
14011198084,11.35,10.02,2,MGI,Admis
14011198087,15.2,9.54,1,MIAS,Ajourné
14011198087,15.2,9.54,1,MIAS,Admis
14011198087,15.2,9.54,2,MIAS,Ajourné
14011198087,15.2,9.54,2,MIAS,Ajourné
14011198087,15.2,9.54,2,MIAS,Ajourné
14011198091,9.09,10.07,1,MIAS,Admis
14011198091,9.09,10.07,2,MIAS,Admis
14011198091,9.09,10.07,3,MIAS,Admis
14011198091,9.09,10.07,1,MGI,Admis
14011198091,9.09,10.07,2,MGI,Admis
14011198101,12.65,13.41,1,MIAS,Admis
14011198101,12.65,13.41,2,MIAS,Admis
14011198101,12.65,13.41,3,MIAS,Admis
14011198101,12.65,13.41,1,MGI,Admis
14011198101,12.65,13.41,2,MGI,Admis
14011198103,9.5,10.06,1,MIAS,Admis
14011198103,9.5,10.06,2,MIAS,Admis
14011198103,9.5,10.06,3,MIAS,Admis
14011198103,9.5,10.06,1,MGI,Admis
14011198103,9.5,10.06,2,MGI,Admis
14011198113,10.5,8.82,1,MIAS,Admis
14011198113,10.5,8.82,2,MIAS,Admis
14011198113,10.5,8.82,3,MIAS,Admis
14011198113,10.5,8.82,1,MGI,Ajourné
14011198113,10.5,8.82,1,MGI,Admis
14011198116,12.25,7.12,1,MIAS,Admis
14011198116,12.25,7.12,2,MIAS,Admis
14011198116,12.25,7.12,3,MIAS,Admis
14011198116,12.25,7.12,1,MGI,Admis
14011198116,12.25,7.12,2,MGI,Admis
14011198125,11.8,15.6,1,MIAS,Ajourné
14011198125,11.8,15.6,1,MIAS,Admis
14011198125,11.8,15.6,2,MIAS,Admis
14011198125,11.8,15.6,3,MIAS,Admis
14011198125,11.8,15.6,1,MGI,Ajourné
14011198136,13.03,10.13,1,MIAS,Admis
14011198136,13.03,10.13,2,MIAS,Admis
14011198136,13.03,10.13,3,MIAS,Admis
14011198136,13.03,10.13,1,MGI,Admis
14011198136,13.03,10.13,2,MGI,Admis
14011198153,12.03,10.13,1,MIAS,Admis
14011198153,12.03,10.13,2,MIAS,Admis
14011198153,12.03,10.13,3,MIAS,Admis
14011198153,12.03,10.13,1,MGI,Admis
14011198153,12.03,10.13,2,MGI,Admis
14011198166,12.85,9.85,1,MIAS,Ajourné
14011198166,12.85,9.85,1,MIAS,Admis
14011198166,12.85,9.85,2,MIAS,Admis
14011198166,12.85,9.85,3,MIAS,Admis
14011198166,12.85,9.85,1,MGI,Ajourné
14011198174,11.14,7.44,1,MIAS,Admis
14011198174,11.14,7.44,2,MIAS,Admis
14011198174,11.14,7.44,3,MIAS,Admis
14011198174,11.14,7.44,1,MGI,Admis
14011198174,11.14,7.44,2,MGI,Admis
14011198176,4.1,6.17,1,MIAS,Admis
14011198176,0.1,2.97,1,MIAS,Admis
14011198176,0.0,0.0,1,MIAS,Admis
14011198176,4.1,6.17,2,MIAS,Ajourné
14011198176,0.1,2.97,2,MIAS,Ajourné
14011198176,0.0,0.0,2,MIAS,Ajourné
14011198176,4.1,6.17,2,MIAS,Ajourné
14011198176,0.1,2.97,2,MIAS,Ajourné
14011198176,0.0,0.0,2,MIAS,Ajourné
14011198176,4.1,6.17,2,MIAS,Ajourné
14011198176,0.1,2.97,2,MIAS,Ajourné
14011198176,0.0,0.0,2,MIAS,Ajourné
14011198176,4.1,6.17,2,MIAS,Ajourné
14011198176,0.1,2.97,2,MIAS,Ajourné
14011198176,0.0,0.0,2,MIAS,Ajourné
14011198180,16.7,12.19,1,MIAS,Ajourné
14011198180,16.7,12.19,1,MIAS,Admis
14011198180,16.7,12.19,2,MIAS,Admis
14011198180,16.7,12.19,3,MIAS,Admis
14011198180,16.7,12.19,1,MGI,Admis
14011198183,8.1,9.22,1,MIAS,Ajourné
14011198183,8.1,9.22,1,MIAS,Admis
14011198183,8.1,9.22,2,MIAS,Admis
14011198183,8.1,9.22,3,MIAS,Admis
14011198183,8.1,9.22,1,MGI,Admis
14011198192,14.75,14.66,1,MIAS,Admis
14011198192,14.75,14.66,2,MIAS,Admis
14011198192,14.75,14.66,3,MIAS,Admis
14011198192,14.75,14.66,1,MGI,Admis
14011198192,14.75,14.66,2,MGI,Admis
14011198194,11.85,9.59,1,MIAS,Ajourné
14011198194,11.85,9.59,1,MIAS,Admis
14011198194,11.85,9.59,2,MIAS,Admis
14011198194,11.85,9.59,3,MIAS,Admis
14011198194,11.85,9.59,1,MGI,Admis
14011198198,8.15,10.07,1,MIAS,Admis
14011198198,8.15,10.07,2,MIAS,Admis
14011198198,8.15,10.07,3,MIAS,Admis
14011198198,8.15,10.07,1,MGI,Ajourné
14011198198,8.15,10.07,1,MGI,Admis
14011198214,6.65,10.11,1,MIAS,Admis
14011198214,6.65,10.11,2,MIAS,Admis
14011198214,6.65,10.11,3,MIAS,Admis
14011198214,6.65,10.11,1,MGI,Admis
14011198214,6.65,10.11,2,MGI,Admis
14011198216,13.8,12.8,1,MIAS,Admis
14011198216,13.8,12.8,2,MIAS,Admis
14011198216,13.8,12.8,3,MIAS,Admis
14011198216,13.8,12.8,1,MGI,Admis
14011198216,13.8,12.8,2,MGI,Admis
14011198217,10.7,7.51,1,MIAS,Ajourné
14011198217,10.7,7.51,1,MIAS,Admis
14011198217,10.7,7.51,2,MIAS,Ajourné
14011198217,10.7,7.51,2,MIAS,Ajourné
14011198217,10.7,7.51,2,MIAS,Ajourné
14011198242,12.7,12.64,1,MIAS,Admis
14011198242,12.7,12.64,2,MIAS,Admis
14011198242,12.7,12.64,3,MIAS,Admis
14011198242,12.7,12.64,1,MGI,Admis
14011198242,12.7,12.64,2,MGI,Admis
14011198256,11.05,7.51,1,MIAS,Admis
14011198256,11.05,7.51,2,MIAS,Admis
14011198256,11.05,7.51,3,MIAS,Admis
14011198256,11.05,7.51,1,MGI,Admis
14011198256,11.05,7.51,2,MGI,Admis
14011198259,18.55,9.94,1,MIAS,Ajourné
14011198259,18.55,9.94,1,MIAS,Admis
14011198259,18.55,9.94,2,MIAS,Admis
14011198259,18.55,9.94,3,MIAS,Admis
14011198259,18.55,9.94,1,MGI,Admis
14011198260,11.7,15.17,1,MIAS,Admis
14011198260,11.7,15.17,2,MIAS,Admis
14011198260,11.7,15.17,3,MIAS,Admis
14011198260,11.7,15.17,1,MGI,Admis
14011198260,11.7,15.17,2,MGI,Admis
14011198267,11.7,11.22,1,MIAS,Admis
14011198267,11.7,11.22,2,MIAS,Admis
14011198267,11.7,11.22,3,MIAS,Admis
14011198267,11.7,11.22,1,MGI,Admis
14011198267,11.7,11.22,2,MGI,Admis
14011198282,11.65,9.09,1,MIAS,Admis
14011198282,11.65,9.09,2,MIAS,Admis
14011198282,11.65,9.09,3,MIAS,Admis
14011198282,11.65,9.09,1,MGI,Admis
14011198282,11.65,9.09,2,MGI,Admis
14011198286,11.2,8.86,1,MIAS,Admis
14011198286,11.2,8.86,2,MIAS,Ajourné
14011198286,11.2,8.86,2,MIAS,Admis
14011198286,11.2,8.86,3,MIAS,Admis
14011198286,11.2,8.86,1,MGI,Ajourné
14011198334,12.2,9.67,1,MIAS,Ajourné
14011198334,12.2,9.67,1,MIAS,Admis
14011198334,12.2,9.67,2,MIAS,Ajourné
14011198334,12.2,9.67,2,MIAS,Ajourné
14011198334,12.2,9.67,2,MIAS,Ajourné
14011198335,11.85,12.39,1,MIAS,Ajourné
14011198335,11.85,12.39,1,MIAS,Admis
14011198335,11.85,12.39,2,MIAS,Admis
14011198335,11.85,12.39,3,MIAS,Ajourné
14011198335,11.85,12.39,3,MIAS,Ajourné
14011198357,12.1,10.08,1,MIAS,Admis
14011198357,12.1,10.08,2,MIAS,Admis
14011198357,12.1,10.08,3,MIAS,Admis
14011198357,12.1,10.08,1,MGI,Admis
14011198357,12.1,10.08,2,MGI,Admis
14011198386,14.15,14.63,1,MIAS,Admis
14011198386,14.15,14.63,2,MIAS,Admis
14011198386,14.15,14.63,3,MIAS,Admis
14011198386,14.15,14.63,1,MGI,Admis
14011198386,14.15,14.63,2,MGI,Admis
14011198389,10.08,8.59,1,MIAS,Ajourné
14011198389,10.08,8.59,1,MIAS,Admis
14011198389,10.08,8.59,2,MIAS,Ajourné
14011198389,10.08,8.59,2,MIAS,Ajourné
14011198389,10.08,8.59,2,MIAS,Ajourné
14011198391,9.2,6.68,1,MIAS,Admis
14011198391,8.65,9.52,1,MIAS,Admis
14011198391,9.2,6.68,2,MIAS,Ajourné
14011198391,8.65,9.52,2,MIAS,Ajourné
14011198391,9.2,6.68,2,MIAS,Ajourné
14011198391,8.65,9.52,2,MIAS,Ajourné
14011198391,9.2,6.68,2,MIAS,Ajourné
14011198391,8.65,9.52,2,MIAS,Ajourné
14011198391,9.2,6.68,2,MIAS,Ajourné
14011198391,8.65,9.52,2,MIAS,Ajourné
14011198392,9.55,7.2,1,MIAS,Admis
14011198392,9.55,7.2,2,MIAS,Admis
14011198392,9.55,7.2,3,MIAS,Admis
14011198392,9.55,7.2,1,MGI,Admis
14011198392,9.55,7.2,2,MGI,Admis
14011198396,9.65,11.44,1,MIAS,Admis
14011198396,9.65,11.44,2,MIAS,Admis
14011198396,9.65,11.44,3,MIAS,Admis
14011198396,9.65,11.44,1,MGI,Admis
14011198396,9.65,11.44,2,MGI,Admis
14011198397,10.15,10.44,1,MIAS,Ajourné
14011198397,10.15,10.44,1,MIAS,Admis
14011198397,10.15,10.44,2,MIAS,Admis
14011198397,10.15,10.44,3,MIAS,Admis
14011198397,10.15,10.44,1,MGI,Admis
14011198402,14.7,12.6,1,MIAS,Admis
14011198402,14.7,12.6,2,MIAS,Admis
14011198402,14.7,12.6,3,MIAS,Admis
14011198402,14.7,12.6,1,MGI,Admis
14011198402,14.7,12.6,2,MGI,Admis
14011198407,7.7,9.01,1,MIAS,Ajourné
14011198407,7.7,9.01,1,MIAS,Admis
14011198407,7.7,9.01,2,MIAS,Ajourné
14011198407,7.7,9.01,2,MIAS,Ajourné
14011198407,7.7,9.01,2,MIAS,Ajourné
14011198409,8.65,7.42,1,MIAS,Admis
14011198409,8.65,7.42,2,MIAS,Admis
14011198409,8.65,7.42,3,MIAS,Admis
14011198409,8.65,7.42,1,MGI,Admis
14011198409,8.65,7.42,2,MGI,Admis
14011198410,10.4,8.91,1,MIAS,Admis
14011198410,10.4,8.91,2,MIAS,Admis
14011198410,10.4,8.91,3,MIAS,Admis
14011198410,10.4,8.91,1,MGI,Admis
14011198410,10.4,8.91,2,MGI,Admis
14011198412,10.5,9.22,1,MIAS,Admis
14011198412,10.5,9.22,2,MIAS,Admis
14011198412,10.5,9.22,3,MIAS,Admis
14011198412,10.5,9.22,1,MGI,Admis
14011198412,10.5,9.22,2,MGI,Admis
14011198419,9.2,9.68,1,MIAS,Admis
14011198419,9.2,9.68,2,MIAS,Admis
14011198419,9.2,9.68,3,MIAS,Admis
14011198419,9.2,9.68,1,MGI,Ajourné
14011198427,7.05,10.13,1,MIAS,Admis
14011198427,7.05,10.13,2,MIAS,Ajourné
14011198427,7.05,10.13,2,MIAS,Admis
14011198427,7.05,10.13,3,MIAS,Admis
14011198427,7.05,10.13,1,MGI,Ajourné
14011198430,8.6,8.82,1,MIAS,Admis
14011198430,8.6,8.82,2,MIAS,Ajourné
14011198430,8.6,8.82,2,MIAS,Admis
14011198430,8.6,8.82,3,MIAS,Admis
14011198430,8.6,8.82,1,MGI,Ajourné
14011198433,8.15,10.06,1,MIAS,Admis
14011198433,8.15,10.06,2,MIAS,Admis
14011198433,8.15,10.06,3,MIAS,Admis
14011198433,8.15,10.06,1,MGI,Ajourné
14011198433,8.15,10.06,1,MGI,Ajourné
14011198434,12.25,10.56,1,MIAS,Admis
14011198434,12.25,10.56,2,MIAS,Admis
14011198434,12.25,10.56,3,MIAS,Admis
14011198434,12.25,10.56,1,MGI,Ajourné
14011198435,8.9,10.13,1,MIAS,Admis
14011198435,8.9,10.13,2,MIAS,Admis
14011198435,8.9,10.13,3,MIAS,Admis
14011198435,8.9,10.13,1,MGI,Admis
14011198435,8.9,10.13,2,MGI,Admis
14011198436,12.1,11.07,1,MIAS,Ajourné
14011198436,12.1,11.07,1,MIAS,Admis
14011198436,12.1,11.07,2,MIAS,Admis
14011198436,12.1,11.07,3,MIAS,Admis
14011198436,12.1,11.07,1,MGI,Admis
14011198438,13.7,10.27,1,MIAS,Admis
14011198438,13.7,10.27,2,MIAS,Admis
14011198438,13.7,10.27,3,MIAS,Admis
14011198438,13.7,10.27,1,MGI,Admis
14011198438,13.7,10.27,2,MGI,Admis
14011198445,10.68,8.89,1,MIAS,Ajourné
14011198445,10.68,8.89,1,MIAS,Admis
14011198445,10.68,8.89,2,MIAS,Ajourné
14011198445,10.68,8.89,2,MIAS,Ajourné
14011198445,10.68,8.89,2,MIAS,Ajourné
14011198452,11.15,11.72,1,MIAS,Admis
14011198452,11.15,11.72,2,MIAS,Admis
14011198452,11.15,11.72,3,MIAS,Admis
14011198452,11.15,11.72,1,MGI,Admis
14011198452,11.15,11.72,2,MGI,Admis
14011198458,12.65,9.3,1,MIAS,Admis
14011198458,12.65,9.3,2,MIAS,Admis
14011198458,12.65,9.3,3,MIAS,Admis
14011198458,12.65,9.3,1,MGI,Ajourné
14011198465,8.6,10.99,1,MIAS,Admis
14011198465,8.6,10.99,2,MIAS,Admis
14011198465,8.6,10.99,3,MIAS,Admis
14011198465,8.6,10.99,1,MGI,Admis
14011198465,8.6,10.99,2,MGI,Admis
14011198466,10.65,10.01,1,MIAS,Admis
14011198466,10.65,10.01,2,MIAS,Admis
14011198466,10.65,10.01,3,MIAS,Admis
14011198466,10.65,10.01,1,MGI,Admis
14011198466,10.65,10.01,2,MGI,Admis
14011198467,12.9,8.08,1,MIAS,Admis
14011198467,12.9,8.08,2,MIAS,Admis
14011198467,12.9,8.08,3,MIAS,Admis
14011198467,12.9,8.08,1,MGI,Admis
14011198467,12.9,8.08,2,MGI,Admis
14011198474,10.2,9.94,1,MIAS,Ajourné
14011198474,10.2,9.94,1,MIAS,Admis
14011198474,10.2,9.94,2,MIAS,Ajourné
14011198474,10.2,9.94,2,MIAS,Ajourné
14011198474,10.2,9.94,2,MIAS,Ajourné
14011198475,7.65,7.58,1,MIAS,Admis
14011198475,7.65,7.58,2,MIAS,Admis
14011198475,7.65,7.58,3,MIAS,Admis
14011198475,7.65,7.58,1,MGI,Admis
14011198475,7.65,7.58,2,MGI,Admis
14011198476,9.15,9.74,1,MIAS,Admis
14011198476,9.15,9.74,2,MIAS,Admis
14011198476,9.15,9.74,3,MIAS,Admis
14011198476,9.15,9.74,1,MGI,Admis
14011198476,9.15,9.74,2,MGI,Admis
14011198477,15.35,10.83,1,MIAS,Admis
14011198477,15.35,10.83,2,MIAS,Admis
14011198477,15.35,10.83,3,MIAS,Admis
14011198477,15.35,10.83,1,MGI,Admis
14011198477,15.35,10.83,2,MGI,Admis
14011198479,11.1,7.54,1,MIAS,Admis
14011198479,11.1,7.54,2,MIAS,Ajourné
14011198479,11.1,7.54,2,MIAS,Ajourné
14011198479,11.1,7.54,2,MIAS,Ajourné
14011198479,11.1,7.54,2,MIAS,Ajourné
14011198480,7.6,9.22,1,MIAS,Admis
14011198480,12.79,8.25,1,MIAS,Admis
14011198480,7.6,9.22,2,MIAS,Ajourné
14011198480,12.79,8.25,2,MIAS,Ajourné
14011198480,7.6,9.22,2,MIAS,Admis
14011198480,12.79,8.25,2,MIAS,Admis
14011198480,7.6,9.22,3,MIAS,Admis
14011198480,12.79,8.25,3,MIAS,Admis
14011198480,7.6,9.22,1,MGI,Ajourné
14011198480,12.79,8.25,1,MGI,Ajourné
14011198484,11.15,10.0,1,MIAS,Admis
14011198484,11.15,10.0,2,MIAS,Admis
14011198484,11.15,10.0,3,MIAS,Admis
14011198484,11.15,10.0,1,MGI,Admis
14011198484,11.15,10.0,2,MGI,Admis
14011198487,10.5,8.5,1,MIAS,Admis
14011198487,10.5,8.5,2,MIAS,Admis
14011198487,10.5,8.5,3,MIAS,Admis
14011198487,10.5,8.5,1,MGI,Admis
14011198487,10.5,8.5,2,MGI,Admis
14011198494,8.15,7.8,1,MIAS,Ajourné
14011198494,8.15,7.8,1,MIAS,Admis
14011198494,8.15,7.8,2,MIAS,Admis
14011198494,8.15,7.8,3,MIAS,Admis
14011198494,8.15,7.8,1,MGI,Ajourné
14011198497,13.25,14.25,1,MIAS,Admis
14011198497,13.25,14.25,2,MIAS,Admis
14011198497,13.25,14.25,3,MIAS,Admis
14011198497,13.25,14.25,1,MGI,Admis
14011198497,13.25,14.25,2,MGI,Admis
14011198501,14.1,7.99,1,MIAS,Admis
14011198501,14.1,7.99,2,MIAS,Admis
14011198501,14.1,7.99,3,MIAS,Admis
14011198501,14.1,7.99,1,MGI,Admis
14011198501,14.1,7.99,2,MGI,Admis
14011198503,11.6,10.5,1,MIAS,Admis
14011198503,11.6,10.5,2,MIAS,Admis
14011198503,11.6,10.5,3,MIAS,Admis
14011198503,11.6,10.5,1,MGI,Admis
14011198503,11.6,10.5,2,MGI,Admis
14011198504,10.1,8.05,1,MIAS,Admis
14011198504,10.1,8.05,2,MIAS,Admis
14011198504,10.1,8.05,3,MIAS,Admis
14011198504,10.1,8.05,1,MGI,Admis
14011198504,10.1,8.05,2,MGI,Admis
14011198511,13.6,7.34,1,MIAS,Admis
14011198511,13.6,7.34,2,MIAS,Admis
14011198511,13.6,7.34,3,MIAS,Admis
14011198511,13.6,7.34,1,MGI,Admis
14011198511,13.6,7.34,2,MGI,Admis
14011198512,15.35,11.92,1,MIAS,Ajourné
14011198512,15.35,11.92,1,MIAS,Admis
14011198512,15.35,11.92,2,MIAS,Admis
14011198512,15.35,11.92,3,MIAS,Admis
14011198512,15.35,11.92,1,MGI,Admis
14011198515,9.15,10.99,1,MIAS,Admis
14011198515,9.15,10.99,2,MIAS,Admis
14011198515,9.15,10.99,3,MIAS,Admis
14011198515,9.15,10.99,1,MGI,Ajourné
14011198515,9.15,10.99,1,MGI,Ajourné
14011198520,10.15,10.18,1,MIAS,Admis
14011198520,10.15,10.18,2,MIAS,Admis
14011198520,10.15,10.18,3,MIAS,Admis
14011198520,10.15,10.18,1,MGI,Admis
14011198520,10.15,10.18,2,MGI,Admis
14011198521,11.1,9.37,1,MIAS,Ajourné
14011198521,11.1,9.37,1,MIAS,Admis
14011198521,11.1,9.37,2,MIAS,Admis
14011198521,11.1,9.37,3,MIAS,Admis
14011198521,11.1,9.37,1,MGI,Admis
14011198524,11.1,10.5,1,MIAS,Ajourné
14011198524,11.1,10.5,1,MIAS,Admis
14011198524,11.1,10.5,2,MIAS,Admis
14011198524,11.1,10.5,3,MIAS,Admis
14011198524,11.1,10.5,1,MGI,Admis
14011198526,14.8,10.64,1,MIAS,Admis
14011198526,14.8,10.64,2,MIAS,Admis
14011198526,14.8,10.64,3,MIAS,Admis
14011198526,14.8,10.64,1,MGI,Admis
14011198526,14.8,10.64,2,MGI,Admis
14011198528,11.05,9.36,1,MIAS,Admis
14011198528,11.05,9.36,2,MIAS,Admis
14011198528,11.05,9.36,3,MIAS,Admis
14011198530,14.25,10.71,1,MIAS,Admis
14011198530,14.25,10.71,2,MIAS,Admis
14011198530,14.25,10.71,3,MIAS,Admis
14011198530,14.25,10.71,1,MGI,Admis
14011198530,14.25,10.71,2,MGI,Admis
14011198539,12.35,11.87,1,MIAS,Ajourné
14011198539,12.35,11.87,1,MIAS,Admis
14011198539,12.35,11.87,2,MIAS,Admis
14011198539,12.35,11.87,3,MIAS,Admis
14011198539,12.35,11.87,1,MGI,Ajourné
14011198543,9.3,4.69,1,MIAS,Admis
14011198543,10.05,7.19,1,MIAS,Admis
14011198543,9.3,4.69,2,MIAS,Ajourné
14011198543,10.05,7.19,2,MIAS,Ajourné
14011198543,9.3,4.69,2,MIAS,Ajourné
14011198543,10.05,7.19,2,MIAS,Ajourné
14011198543,9.3,4.69,2,MIAS,Ajourné
14011198543,10.05,7.19,2,MIAS,Ajourné
14011198543,9.3,4.69,2,MIAS,Ajourné
14011198543,10.05,7.19,2,MIAS,Ajourné
14011198544,13.75,11.8,1,MIAS,Admis
14011198544,13.75,11.8,2,MIAS,Admis
14011198544,13.75,11.8,3,MIAS,Admis
14011198544,13.75,11.8,1,MGI,Admis
14011198544,13.75,11.8,2,MGI,Admis
14011198545,10.9,10.1,1,MIAS,Admis
14011198545,10.9,10.1,2,MIAS,Admis
14011198545,10.9,10.1,3,MIAS,Admis
14011198545,10.9,10.1,1,MGI,Admis
14011198545,10.9,10.1,2,MGI,Admis
14011198548,5.45,5.63,1,MIAS,Admis
14011198548,8.95,3.13,1,MIAS,Admis
14011198548,1.95,2.63,1,MIAS,Admis
14011198548,0.0,0.0,1,MIAS,Admis
14011198548,5.45,5.63,2,MIAS,Ajourné
14011198548,8.95,3.13,2,MIAS,Ajourné
14011198548,1.95,2.63,2,MIAS,Ajourné
14011198548,0.0,0.0,2,MIAS,Ajourné
14011198548,5.45,5.63,2,MIAS,Ajourné
14011198548,8.95,3.13,2,MIAS,Ajourné
14011198548,1.95,2.63,2,MIAS,Ajourné
14011198548,0.0,0.0,2,MIAS,Ajourné
14011198548,5.45,5.63,2,MIAS,Ajourné
14011198548,8.95,3.13,2,MIAS,Ajourné
14011198548,1.95,2.63,2,MIAS,Ajourné
14011198548,0.0,0.0,2,MIAS,Ajourné
14011198548,5.45,5.63,2,MIAS,Ajourné
14011198548,8.95,3.13,2,MIAS,Ajourné
14011198548,1.95,2.63,2,MIAS,Ajourné
14011198548,0.0,0.0,2,MIAS,Ajourné
14011198566,10.2,11.36,1,MIAS,Ajourné
14011198566,10.2,11.36,1,MIAS,Admis
14011198566,10.2,11.36,2,MIAS,Admis
14011198566,10.2,11.36,3,MIAS,Admis
14011198566,10.2,11.36,1,MGI,Admis
14011198576,10.49,6.74,1,MIAS,Ajourné
14011198576,10.49,6.74,1,MIAS,Admis
14011198576,10.49,6.74,2,MIAS,Ajourné
14011198576,10.49,6.74,2,MIAS,Ajourné
14011198576,10.49,6.74,2,MIAS,Ajourné
14011198577,9.59,9.28,1,MIAS,Admis
14011198577,9.59,9.28,2,MIAS,Admis
14011198577,9.59,9.28,3,MIAS,Admis
14011198577,9.59,9.28,1,MGI,Admis
14011198577,9.59,9.28,2,MGI,Admis
14011198581,13.6,10.02,1,MIAS,Admis
14011198581,13.6,10.02,2,MIAS,Admis
14011198581,13.6,10.02,3,MIAS,Admis
14011198581,13.6,10.02,1,MGI,Admis
14011198581,13.6,10.02,2,MGI,Admis
14011198582,11.39,10.65,1,MIAS,Admis
14011198582,11.39,10.65,2,MIAS,Admis
14011198582,11.39,10.65,3,MIAS,Admis
14011198582,11.39,10.65,1,MGI,Admis
14011198582,11.39,10.65,2,MGI,Admis
14011198583,14.25,14.3,1,MIAS,Admis
14011198583,14.25,14.3,2,MIAS,Admis
14011198583,14.25,14.3,3,MIAS,Admis
14011198583,14.25,14.3,1,MGI,Admis
14011198583,14.25,14.3,2,MGI,Admis
14011198585,8.9,6.01,1,MIAS,Admis
14011198585,3.9,3.01,1,MIAS,Admis
14011198585,3.9,3.01,1,MIAS,Admis
14011198585,0.0,0.0,1,MIAS,Admis
14011198585,8.9,6.01,2,MIAS,Ajourné
14011198585,3.9,3.01,2,MIAS,Ajourné
14011198585,3.9,3.01,2,MIAS,Ajourné
14011198585,0.0,0.0,2,MIAS,Ajourné
14011198585,8.9,6.01,2,MIAS,Ajourné
14011198585,3.9,3.01,2,MIAS,Ajourné
14011198585,3.9,3.01,2,MIAS,Ajourné
14011198585,0.0,0.0,2,MIAS,Ajourné
14011198585,8.9,6.01,2,MIAS,Ajourné
14011198585,3.9,3.01,2,MIAS,Ajourné
14011198585,3.9,3.01,2,MIAS,Ajourné
14011198585,0.0,0.0,2,MIAS,Ajourné
14011198585,8.9,6.01,2,MIAS,Ajourné
14011198585,3.9,3.01,2,MIAS,Ajourné
14011198585,3.9,3.01,2,MIAS,Ajourné
14011198585,0.0,0.0,2,MIAS,Ajourné
14011198587,6.3,7.75,1,MIAS,Admis
14011198587,7.7,8.31,1,MIAS,Admis
14011198587,6.3,7.75,2,MIAS,Ajourné
14011198587,7.7,8.31,2,MIAS,Ajourné
14011198587,6.3,7.75,2,MIAS,Admis
14011198587,7.7,8.31,2,MIAS,Admis
14011198587,6.3,7.75,3,MIAS,Admis
14011198587,7.7,8.31,3,MIAS,Admis
14011198587,6.3,7.75,1,MGI,Ajourné
14011198587,7.7,8.31,1,MGI,Ajourné
14011198588,11.69,8.73,1,MIAS,Admis
14011198588,11.69,8.73,2,MIAS,Ajourné
14011198588,11.69,8.73,2,MIAS,Admis
14011198588,11.69,8.73,3,MIAS,Admis
14011198588,11.69,8.73,1,MGI,Admis
14011198589,11.44,10.45,1,MIAS,Admis
14011198589,11.44,10.45,2,MIAS,Admis
14011198589,11.44,10.45,3,MIAS,Admis
14011198589,11.44,10.45,1,MGI,Admis
14011198589,11.44,10.45,2,MGI,Admis
14011198597,11.74,10.45,1,MIAS,Ajourné
14011198597,11.74,10.45,1,MIAS,Admis
14011198597,11.74,10.45,2,MIAS,Ajourné
14011198597,11.74,10.45,2,MIAS,Ajourné
14011198597,11.74,10.45,2,MIAS,Ajourné
14011198610,14.2,18.4,2,MIAS,Admis
14011198610,14.2,18.4,3,MIAS,Admis
14011198610,14.2,18.4,1,MGI,Admis
14011198610,14.2,18.4,2,MGI,Admis
14011298615,11.59,9.79,1,MIAS,Admis
14011298615,11.59,9.79,2,MIAS,Admis
14011298615,11.59,9.79,3,MIAS,Admis
14011298615,11.59,9.79,1,MGI,Admis
14011298617,11.25,8.65,1,MIAS,Admis
14011298617,11.25,8.65,2,MIAS,Admis
14011298617,11.25,8.65,3,MIAS,Admis
14011298617,11.25,8.65,1,MGI,Admis
14011298620,13.8,10.42,1,MIAS,Admis
14011298620,13.8,10.42,2,MIAS,Admis
14011298620,13.8,10.42,3,MIAS,Admis
14011298620,13.8,10.42,1,MGI,Ajourné
14011298622,12.15,7.3,1,MIAS,Admis
14011298622,12.15,7.3,2,MIAS,Admis
14011298622,12.15,7.3,3,MIAS,Admis
14011298622,12.15,7.3,1,MGI,Admis
14011298627,12.95,10.5,1,MIAS,Admis
14011298627,12.95,10.5,2,MIAS,Admis
14011298627,12.95,10.5,3,MIAS,Admis
14011298627,12.95,10.5,1,MGI,Admis
14011298631,8.35,9.7,1,MIAS,Admis
14011298631,8.35,9.7,2,MIAS,Admis
14011298631,8.35,9.7,3,MIAS,Admis
14011298631,8.35,9.7,1,MGI,Ajourné
14011298636,14.8,9.97,1,MIAS,Admis
14011298636,14.8,9.97,2,MIAS,Admis
14011298636,14.8,9.97,3,MIAS,Admis
14011298636,14.8,9.97,1,MGI,Admis
14011298637,13.1,11.05,1,MIAS,Admis
14011298637,13.1,11.05,2,MIAS,Admis
14011298637,13.1,11.05,3,MIAS,Admis
14011298637,13.1,11.05,1,MGI,Admis
14011298641,10.05,9.47,1,MIAS,Admis
14011298641,10.05,9.47,2,MIAS,Ajourné
14011298641,10.05,9.47,2,MIAS,Ajourné
14011298641,10.05,9.47,2,MIAS,Ajourné
14011298645,13.85,11.18,1,MIAS,Admis
14011298645,13.85,11.18,2,MIAS,Admis
14011298645,13.85,11.18,3,MIAS,Admis
14011298645,13.85,11.18,1,MGI,Admis
14011298662,11.9,12.72,1,MIAS,Admis
14011298662,11.9,12.72,2,MIAS,Admis
14011298662,11.9,12.72,3,MIAS,Admis
14011298662,11.9,12.72,1,MGI,Admis
14011298667,15.78,13.39,1,MIAS,Admis
14011298667,15.78,13.39,2,MIAS,Admis
14011298667,15.78,13.39,3,MIAS,Admis
14011298667,15.78,13.39,1,MGI,Admis
14011298668,10.65,9.94,1,MIAS,Admis
14011298668,10.65,9.94,2,MIAS,Admis
14011298668,10.65,9.94,3,MIAS,Admis
14011298668,10.65,9.94,1,MGI,Admis
14011298670,13.85,10.87,1,MIAS,Admis
14011298670,13.85,10.87,2,MIAS,Admis
14011298670,13.85,10.87,3,MIAS,Admis
14011298670,13.85,10.87,1,MGI,Admis
14011298672,10.45,12.87,1,MIAS,Admis
14011298672,10.45,12.87,2,MIAS,Admis
14011298672,10.45,12.87,3,MIAS,Admis
14011298672,10.45,12.87,1,MGI,Admis
14011298676,18.95,14.85,1,MIAS,Admis
14011298676,18.95,14.85,2,MIAS,Admis
14011298676,18.95,14.85,3,MIAS,Admis
14011298682,13.5,10.62,1,MIAS,Admis
14011298682,13.5,10.62,2,MIAS,Admis
14011298682,13.5,10.62,3,MIAS,Admis
14011298682,13.5,10.62,1,MGI,Admis
14011298683,11.9,10.5,1,MIAS,Admis
14011298683,11.9,10.5,2,MIAS,Ajourné
14011298683,11.9,10.5,2,MIAS,Ajourné
14011298683,11.9,10.5,2,MIAS,Ajourné
14011298686,17.45,18.2,1,MIAS,Admis
14011298686,17.45,18.2,2,MIAS,Admis
14011298686,17.45,18.2,3,MIAS,Admis
14011298686,17.45,18.2,1,MGI,Admis
14011298687,11.95,9.94,1,MIAS,Admis
14011298687,11.95,9.94,2,MIAS,Admis
14011298687,11.95,9.94,3,MIAS,Admis
14011298687,11.95,9.94,1,MGI,Admis
14011298688,15.8,10.68,1,MIAS,Admis
14011298688,15.8,10.68,2,MIAS,Admis
14011298688,15.8,10.68,3,MIAS,Admis
14011298688,15.8,10.68,1,MGI,Admis
14011298695,3.93,0.0,1,MIAS,Admis
14011298695,3.93,0.0,1,MIAS,Admis
14011298695,0.0,0.0,1,MIAS,Admis
14011298695,3.93,0.0,2,MIAS,Ajourné
14011298695,3.93,0.0,2,MIAS,Ajourné
14011298695,0.0,0.0,2,MIAS,Ajourné
14011298695,3.93,0.0,2,MIAS,Ajourné
14011298695,3.93,0.0,2,MIAS,Ajourné
14011298695,0.0,0.0,2,MIAS,Ajourné
14011298695,3.93,0.0,2,MIAS,Ajourné
14011298695,3.93,0.0,2,MIAS,Ajourné
14011298695,0.0,0.0,2,MIAS,Ajourné
14011298696,12.1,10.07,1,MIAS,Admis
14011298696,12.1,10.07,2,MIAS,Admis
14011298696,12.1,10.07,3,MIAS,Admis
14011298696,12.1,10.07,1,MGI,Admis
14011298700,12.1,10.07,1,MIAS,Admis
14011298700,12.1,10.07,2,MIAS,Admis
14011298700,12.1,10.07,3,MIAS,Admis
14011298700,12.1,10.07,1,MGI,Ajourné
14011298704,12.6,9.97,1,MIAS,Admis
14011298704,12.6,9.97,2,MIAS,Admis
14011298704,12.6,9.97,3,MIAS,Admis
14011298704,12.6,9.97,1,MGI,Ajourné
14011298705,11.3,17.05,1,MIAS,Admis
14011298705,11.3,17.05,2,MIAS,Admis
14011298705,11.3,17.05,3,MIAS,Admis
14011298705,11.3,17.05,1,MGI,Admis
14011298706,14.85,10.74,1,MIAS,Admis
14011298706,14.85,10.74,2,MIAS,Admis
14011298706,14.85,10.74,3,MIAS,Admis
14011298706,14.85,10.74,1,MGI,Admis
14011298710,11.35,11.77,1,MIAS,Admis
14011298710,11.35,11.77,2,MIAS,Admis
14011298710,11.35,11.77,3,MIAS,Admis
14011298710,11.35,11.77,1,MGI,Admis
14011298711,11.4,11.07,1,MIAS,Admis
14011298711,11.4,11.07,2,MIAS,Admis
14011298711,11.4,11.07,3,MIAS,Admis
14011298711,11.4,11.07,1,MGI,Admis
14011298736,12.4,8.6,1,MIAS,Admis
14011298736,12.4,8.6,2,MIAS,Admis
14011298736,12.4,8.6,3,MIAS,Admis
14011298736,12.4,8.6,1,MGI,Admis
14011298763,13.15,10.5,1,MIAS,Admis
14011298763,13.15,10.5,2,MIAS,Admis
14011298763,13.15,10.5,3,MIAS,Admis
14011298763,13.15,10.5,1,MGI,Admis
14011298764,12.1,8.59,1,MIAS,Admis
14011298764,12.1,8.59,2,MIAS,Admis
14011298764,12.1,8.59,3,MIAS,Admis
14011298764,12.1,8.59,1,MGI,Admis
14011298765,15.8,10.35,1,MIAS,Admis
14011298765,15.8,10.35,2,MIAS,Admis
14011298765,15.8,10.35,3,MIAS,Admis
14011298765,15.8,10.35,1,MGI,Admis
14011298766,10.55,9.94,1,MIAS,Admis
14011298766,10.55,9.94,2,MIAS,Admis
14011298766,10.55,9.94,3,MIAS,Admis
14011298766,10.55,9.94,1,MGI,Ajourné
14011298770,13.54,11.0,1,MIAS,Admis
14011298770,13.54,11.0,2,MIAS,Admis
14011298770,13.54,11.0,3,MIAS,Admis
14011298770,13.54,11.0,1,MGI,Ajourné
14011298787,13.08,11.34,1,MIAS,Admis
14011298787,13.08,11.34,2,MIAS,Admis
14011298787,13.08,11.34,3,MIAS,Admis
14011298787,13.08,11.34,1,MGI,Admis
14011298798,12.8,9.32,1,MIAS,Admis
14011298798,12.8,9.32,2,MIAS,Admis
14011298798,12.8,9.32,3,MIAS,Admis
14011298798,12.8,9.32,1,MGI,Ajourné
14011298807,13.8,9.79,1,MIAS,Admis
14011298807,13.8,9.79,2,MIAS,Admis
14011298807,13.8,9.79,3,MIAS,Admis
14011298807,13.8,9.79,1,MGI,Ajourné
14011298818,10.04,8.19,1,MIAS,Admis
14011298818,10.04,8.19,2,MIAS,Admis
14011298818,10.04,8.19,3,MIAS,Admis
14011298818,10.04,8.19,1,MGI,Admis
14011298823,10.1,10.75,1,MIAS,Admis
14011298823,10.1,10.75,2,MIAS,Admis
14011298823,10.1,10.75,3,MIAS,Admis
14011298823,10.1,10.75,1,MGI,Admis
14011298834,12.59,11.24,1,MIAS,Admis
14011298834,12.59,11.24,2,MIAS,Admis
14011298834,12.59,11.24,3,MIAS,Admis
14011298834,12.59,11.24,1,MGI,Ajourné
14011298838,11.9,9.17,1,MIAS,Admis
14011298838,11.9,9.17,2,MIAS,Admis
14011298838,11.9,9.17,3,MIAS,Admis
14011298838,11.9,9.17,1,MGI,Admis
14011298846,12.15,14.94,1,MIAS,Admis
14011298846,12.15,14.94,2,MIAS,Admis
14011298846,12.15,14.94,3,MIAS,Admis
14011298846,12.15,14.94,1,MGI,Admis
14011298851,14.7,16.44,1,MIAS,Admis
14011298851,14.7,16.44,2,MIAS,Admis
14011298851,14.7,16.44,3,MIAS,Admis
14011298851,14.7,16.44,1,MGI,Admis
14011298861,12.8,9.32,1,MIAS,Admis
14011298861,12.8,9.32,2,MIAS,Admis
14011298861,12.8,9.32,3,MIAS,Admis
14011298861,12.8,9.32,1,MGI,Admis
14011298862,17.2,14.89,1,MIAS,Admis
14011298862,17.2,14.89,2,MIAS,Admis
14011298862,17.2,14.89,3,MIAS,Admis
14011298862,17.2,14.89,1,MGI,Admis
14011298871,17.6,16.35,1,MIAS,Admis
14011298871,17.6,16.35,2,MIAS,Admis
14011298871,17.6,16.35,3,MIAS,Admis
14011298871,17.6,16.35,1,MGI,Admis
14011298877,8.53,9.85,1,MIAS,Admis
14011298877,8.53,9.85,2,MIAS,Admis
14011298877,8.53,9.85,3,MIAS,Admis
14011298877,8.53,9.85,1,MGI,Admis
14011298879,10.8,6.4,1,MIAS,Admis
14011298879,10.8,6.4,2,MIAS,Ajourné
14011298879,10.8,6.4,2,MIAS,Ajourné
14011298879,10.8,6.4,2,MIAS,Ajourné
14011298885,14.15,11.64,1,MIAS,Admis
14011298885,14.15,11.64,2,MIAS,Ajourné
14011298885,14.15,11.64,2,MIAS,Ajourné
14011298885,14.15,11.64,2,MIAS,Ajourné
14011298895,8.4,11.75,1,MIAS,Admis
14011298895,8.4,11.75,2,MIAS,Admis
14011298895,8.4,11.75,3,MIAS,Admis
14011298895,8.4,11.75,1,MGI,Admis
14011298919,10.1,12.07,1,MIAS,Admis
14011298919,10.1,12.07,2,MIAS,Admis
14011298919,10.1,12.07,3,MIAS,Admis
14011298919,10.1,12.07,1,MGI,Admis
14011298925,13.8,11.0,1,MIAS,Admis
14011298925,13.8,11.0,2,MIAS,Admis
14011298925,13.8,11.0,3,MIAS,Admis
14011298925,13.8,11.0,1,MGI,Admis
14011298927,10.7,9.37,1,MIAS,Admis
14011298927,10.7,9.37,2,MIAS,Admis
14011298927,10.7,9.37,3,MIAS,Admis
14011298927,10.7,9.37,1,MGI,Admis
14011298935,12.34,9.42,1,MIAS,Admis
14011298935,12.34,9.42,2,MIAS,Admis
14011298935,12.34,9.42,3,MIAS,Admis
14011298935,12.34,9.42,1,MGI,Admis
14011298955,17.7,11.89,1,MIAS,Admis
14011298955,17.7,11.89,2,MIAS,Admis
14011298955,17.7,11.89,3,MIAS,Admis
14011298955,17.7,11.89,1,MGI,Admis
14011298962,12.69,10.3,1,MIAS,Admis
14011298962,12.69,10.3,2,MIAS,Admis
14011298962,12.69,10.3,3,MIAS,Admis
14011298962,12.69,10.3,1,MGI,Admis
14011298964,11.15,10.68,1,MIAS,Admis
14011298964,11.15,10.68,2,MIAS,Admis
14011298964,11.15,10.68,3,MIAS,Admis
14011298964,11.15,10.68,1,MGI,Admis
14011298966,17.95,15.49,1,MIAS,Admis
14011298966,17.95,15.49,2,MIAS,Admis
14011298966,17.95,15.49,3,MIAS,Admis
14011298977,11.65,8.8,1,MIAS,Admis
14011298977,11.65,8.8,2,MIAS,Admis
14011298977,11.65,8.8,3,MIAS,Admis
14011298977,11.65,8.8,1,MGI,Admis
14011298979,8.6,11.79,1,MIAS,Admis
14011298979,8.6,11.79,2,MIAS,Admis
14011298979,8.6,11.79,3,MIAS,Admis
14011298979,8.6,11.79,1,MGI,Admis
14011298981,10.1,10.5,1,MIAS,Admis
14011298981,10.1,10.5,2,MIAS,Ajourné
14011298981,10.1,10.5,2,MIAS,Ajourné
14011298981,10.1,10.5,2,MIAS,Ajourné
14011299010,12.55,10.07,1,MIAS,Admis
14011299010,12.55,10.07,2,MIAS,Admis
14011299010,12.55,10.07,3,MIAS,Admis
14011299010,12.55,10.07,1,MGI,Admis
14011299015,7.15,7.35,1,MIAS,Admis
14011299015,4.15,3.35,1,MIAS,Admis
14011299015,0.0,0.0,1,MIAS,Admis
14011299015,7.15,7.35,2,MIAS,Ajourné
14011299015,4.15,3.35,2,MIAS,Ajourné
14011299015,0.0,0.0,2,MIAS,Ajourné
14011299015,7.15,7.35,2,MIAS,Ajourné
14011299015,4.15,3.35,2,MIAS,Ajourné
14011299015,0.0,0.0,2,MIAS,Ajourné
14011299015,7.15,7.35,2,MIAS,Ajourné
14011299015,4.15,3.35,2,MIAS,Ajourné
14011299015,0.0,0.0,2,MIAS,Ajourné
14011299024,11.6,8.83,1,MIAS,Admis
14011299024,11.6,8.83,2,MIAS,Admis
14011299024,11.6,8.83,3,MIAS,Admis
14011299024,11.6,8.83,1,MGI,Admis
14011299026,8.05,9.94,1,MIAS,Admis
14011299026,8.05,9.94,2,MIAS,Admis
14011299026,8.05,9.94,3,MIAS,Ajourné
14011299026,8.05,9.94,3,MIAS,Ajourné
14011299032,11.1,11.79,1,MIAS,Admis
14011299032,11.1,11.79,2,MIAS,Admis
14011299032,11.1,11.79,3,MIAS,Admis
14011299032,11.1,11.79,1,MGI,Admis
14011299038,10.2,10.74,1,MIAS,Admis
14011299038,10.2,10.74,2,MIAS,Admis
14011299038,10.2,10.74,3,MIAS,Admis
14011299038,10.2,10.74,1,MGI,Admis
14011299066,12.85,10.35,1,MIAS,Admis
14011299066,12.85,10.35,2,MIAS,Ajourné
14011299066,12.85,10.35,2,MIAS,Ajourné
14011299066,12.85,10.35,2,MIAS,Ajourné
14011299068,11.85,8.57,1,MIAS,Admis
14011299068,11.85,8.57,2,MIAS,Ajourné
14011299068,11.85,8.57,2,MIAS,Ajourné
14011299068,11.85,8.57,2,MIAS,Ajourné
14011299080,12.4,8.65,1,MIAS,Admis
14011299080,12.4,8.65,2,MIAS,Admis
14011299080,12.4,8.65,3,MIAS,Admis
14011299080,12.4,8.65,1,MGI,Ajourné
14011299097,12.5,9.38,1,MIAS,Admis
14011299097,12.5,9.38,2,MIAS,Ajourné
14011299097,12.5,9.38,2,MIAS,Ajourné
14011299097,12.5,9.38,2,MIAS,Ajourné
14011299105,10.0,6.51,1,MIAS,Admis
14011299105,10.0,6.51,2,MIAS,Admis
14011299105,10.0,6.51,3,MIAS,Admis
14011299105,10.0,6.51,1,MGI,Ajourné
14011299110,14.69,10.1,1,MIAS,Admis
14011299110,14.69,10.1,2,MIAS,Admis
14011299110,14.69,10.1,3,MIAS,Admis
14011299110,14.69,10.1,1,MGI,Admis
14011299116,15.55,13.22,1,MIAS,Admis
14011299116,15.55,13.22,2,MIAS,Admis
14011299116,15.55,13.22,3,MIAS,Admis
14011299116,15.55,13.22,1,MGI,Admis
14011299118,12.8,10.5,1,MIAS,Admis
14011299118,12.8,10.5,2,MIAS,Admis
14011299118,12.8,10.5,3,MIAS,Admis
14011299118,12.8,10.5,1,MGI,Admis
14011299122,7.55,9.27,1,MIAS,Admis
14011299122,7.55,9.27,2,MIAS,Admis
14011299122,7.55,9.27,3,MIAS,Admis
14011299122,7.55,9.27,1,MGI,Admis
14011299127,13.45,9.32,1,MIAS,Admis
14011299127,13.45,9.32,2,MIAS,Admis
14011299127,13.45,9.32,3,MIAS,Admis
14011299136,13.2,17.3,1,MIAS,Admis
14011299136,13.2,17.3,2,MIAS,Admis
14011299136,13.2,17.3,3,MIAS,Admis
14011299136,13.2,17.3,1,MGI,Admis
14011299146,11.95,6.32,1,MIAS,Admis
14011299146,11.95,6.32,2,MIAS,Ajourné
14011299146,11.95,6.32,2,MIAS,Ajourné
14011299146,11.95,6.32,2,MIAS,Ajourné
14011299174,13.5,9.64,1,MIAS,Admis
14011299174,13.5,9.64,2,MIAS,Admis
14011299174,13.5,9.64,3,MIAS,Admis
14011299174,13.5,9.64,1,MGI,Admis
14011299180,14.35,14.6,1,MIAS,Admis
14011299180,14.35,14.6,2,MIAS,Admis
14011299180,14.35,14.6,3,MIAS,Admis
14011299180,14.35,14.6,1,MGI,Admis
14011299188,10.9,12.02,1,MIAS,Admis
14011299188,10.9,12.02,2,MIAS,Admis
14011299188,10.9,12.02,3,MIAS,Admis
14011299188,10.9,12.02,1,MGI,Admis
14011299190,9.2,9.01,1,MIAS,Admis
14011299190,9.2,9.01,2,MIAS,Ajourné
14011299190,9.2,9.01,2,MIAS,Ajourné
14011299190,9.2,9.01,2,MIAS,Ajourné
14011299200,11.2,8.62,1,MIAS,Admis
14011299200,11.2,8.62,2,MIAS,Ajourné
14011299200,11.2,8.62,2,MIAS,Ajourné
14011299200,11.2,8.62,2,MIAS,Ajourné
14011299212,10.05,9.33,1,MIAS,Admis
14011299212,10.05,9.33,2,MIAS,Ajourné
14011299212,10.05,9.33,2,MIAS,Ajourné
14011299212,10.05,9.33,2,MIAS,Ajourné
14011299215,10.38,11.92,1,MIAS,Admis
14011299215,10.38,11.92,2,MIAS,Ajourné
14011299215,10.38,11.92,2,MIAS,Ajourné
14011299215,10.38,11.92,2,MIAS,Ajourné
14011299234,7.58,0.85,1,MIAS,Admis
14011299234,2.58,0.35,1,MIAS,Admis
14011299234,0.0,0.0,1,MIAS,Admis
14011299234,7.58,0.85,2,MIAS,Ajourné
14011299234,2.58,0.35,2,MIAS,Ajourné
14011299234,0.0,0.0,2,MIAS,Ajourné
14011299234,7.58,0.85,2,MIAS,Ajourné
14011299234,2.58,0.35,2,MIAS,Ajourné
14011299234,0.0,0.0,2,MIAS,Ajourné
14011299234,7.58,0.85,2,MIAS,Ajourné
14011299234,2.58,0.35,2,MIAS,Ajourné
14011299234,0.0,0.0,2,MIAS,Ajourné
