year_id,student_id,scholar_year
4,14011499274,2016
8,14011097290,2016
12,14011298615,2016
16,14011399247,2016
20,14011298617,2016
24,14011399251,2016
28,14011097102,2016
32,14011298622,2016
36,14011499272,2016
40,14011298627,2016
44,14011097300,2016
48,14010796647,2016
52,14011499270,2016
56,14011097496,2016
60,14011097152,2016
64,14011298636,2016
68,14011298637,2016
72,14011499276,2016
76,14011299188,2016
80,14011298645,2016
84,14011097177,2016
88,14011499286,2016
92,14011298662,2016
96,14011298667,2016
100,14011298668,2016
104,14011298670,2016
108,14011298672,2016
112,14011298682,2016
116,14011298686,2016
120,14011298687,2016
124,14011298688,2016
128,14011298696,2016
132,14011298705,2016
136,14011298706,2016
140,14011298710,2016
144,14011298711,2016
148,14011298736,2016
152,14011097478,2016
156,14011097544,2016
160,14011298895,2016
164,14011298919,2016
168,14011298925,2016
172,14011298927,2016
176,14011298935,2016
180,14011298818,2016
184,14011298823,2016
188,14011298838,2016
192,14011298846,2016
196,14011298763,2016
200,14011298764,2016
204,14011298765,2016
208,14011298787,2016
212,14011197808,2016
216,14011298955,2016
220,14011298962,2016
224,14011298964,2016
228,14011298977,2016
232,14011298979,2016
236,14011299010,2016
240,14011299024,2016
244,14011299032,2016
248,14011299038,2016
252,14011299110,2016
256,14011299116,2016
260,14011299118,2016
264,14011299122,2016
268,14011299136,2016
272,14011299174,2016
276,14011299180,2016
280,14011198397,2016
284,14011198521,2016
288,14011197960,2016
292,14011197993,2016
296,14011198113,2016
300,14011599307,2016
304,14011198180,2016
308,14011198183,2016
312,14011198194,2016
316,14011198198,2016
320,14011198259,2016
324,14011198436,2016
328,14011198512,2016
332,14011198524,2016
336,14011198566,2016
340,14011198588,2016
344,14011298851,2016
348,14011298861,2016
352,14011298862,2016
356,14011298871,2016
360,14011298877,2016
364,14011097068,2015
368,14011097517,2015
372,14011399236,2015
376,14011399238,2015
380,14011399240,2015
384,14011499274,2015
388,14011097074,2015
392,14011198520,2015
396,14011298612,2015
400,14011299184,2015
404,14011599290,2015
408,14011097290,2015
412,14011298614,2015
416,14011399245,2015
420,14011097731,2015
424,14010796588,2015
428,14011097084,2015
432,14011097086,2015
436,14011298615,2015
440,14011399247,2015
444,14011097514,2015
448,14011298617,2015
452,14011298618,2015
456,14011399249,2015
460,14011399251,2015
464,14011599305,2015
468,14011097092,2015
472,14011097098,2015
476,14011298620,2015
480,14011399255,2015
484,14011599304,2015
488,14011399259,2015
492,14010796607,2015
496,14011097509,2015
500,14011097102,2015
504,14011298622,2015
508,14011298623,2015
512,14011097507,2015
516,14011298624,2015
520,14011499272,2015
524,14010796618,2015
528,14011097112,2015
532,14011298626,2015
536,14011298627,2015
540,14011097300,2015
544,14011097489,2015
548,14011298629,2015
552,14011399261,2015
556,14011399266,2015
560,14011097114,2015
564,14011198541,2015
568,14011097118,2015
572,14011097480,2015
576,14011298630,2015
580,14011097124,2015
584,14011097126,2015
588,14011298631,2015
592,14010796647,2015
596,14011298633,2015
600,14011399264,2015
604,14011399268,2015
608,14011097134,2015
612,14011097136,2015
616,14011097138,2015
620,14011298634,2015
624,14011097140,2015
628,14011097142,2015
632,14011097144,2015
636,14011298635,2015
640,14011499288,2015
644,14011097496,2015
648,14011097150,2015
652,14011097152,2015
656,14011097154,2015
660,14011298636,2015
664,14010796669,2015
668,14011599306,2015
672,14011097156,2015
676,14011298637,2015
680,14011499276,2015
684,14010796674,2015
688,14011097163,2015
692,14011097313,2015
696,14011097308,2015
700,14011097310,2015
704,14011097312,2015
708,14011097317,2015
712,14010896693,2015
716,14010896694,2015
720,14011298638,2015
724,14010896698,2015
728,14011097169,2015
732,14011298639,2015
736,14011499283,2015
740,14010896704,2015
744,14011298640,2015
748,14011599295,2015
752,14011499280,2015
756,14011499285,2015
760,14011097173,2015
764,14011097490,2015
768,14011298641,2015
772,14011298644,2015
776,14011299188,2015
780,14010896714,2015
784,14011298645,2015
788,14010896715,2015
792,14010896716,2015
796,14011097177,2015
800,14011197861,2015
804,14011298647,2015
808,14011097179,2015
812,14011298649,2015
816,14011499286,2015
820,14011599300,2015
824,14011097181,2015
828,14011097609,2015
832,14011298650,2015
836,14011298651,2015
840,14011298652,2015
844,14011298653,2015
848,14011298654,2015
852,14011298655,2015
856,14011298656,2015
860,14011298657,2015
864,14011298659,2015
868,14010896755,2015
872,14010896757,2015
876,14011298660,2015
880,14011298661,2015
884,14010896770,2015
888,14011298662,2015
892,14011298663,2015
896,14010896777,2015
900,14011599303,2015
904,14011599299,2015
908,14010896785,2015
912,14010896786,2015
916,14011097191,2015
920,14011198465,2015
924,14010896788,2015
928,14011298664,2015
932,14010896796,2015
936,14011298665,2015
940,14011097197,2015
944,14010896807,2015
948,14011298667,2015
952,14010896817,2015
956,14011298668,2015
960,14010896819,2015
964,14010896820,2015
968,14011298669,2015
972,14010896826,2015
976,14011097201,2015
980,14010896833,2015
984,14011298670,2015
988,14011298671,2015
992,14010896840,2015
996,14010896850,2015
1000,14010896851,2015
1004,14011097203,2015
1008,14011097205,2015
1012,14011298672,2015
1016,14011298673,2015
1020,14010996865,2015
1024,14010996868,2015
1028,14011298675,2015
1032,14011298677,2015
1036,14010996870,2015
1040,14010996871,2015
1044,14011097488,2015
1048,14010996873,2015
1052,14010996876,2015
1056,14010996879,2015
1060,14010996881,2015
1064,14010996883,2015
1068,14010996884,2015
1072,14010996885,2015
1076,14010996887,2015
1080,14010996890,2015
1084,14010996891,2015
1088,14011298678,2015
1092,14010996893,2015
1096,14011298679,2015
1100,14011298680,2015
1104,14010996907,2015
1108,14011298682,2015
1112,14011298683,2015
1116,14010996909,2015
1120,14010996910,2015
1124,14010996911,2015
1128,14010996912,2015
1132,14010996913,2015
1136,14010996918,2015
1140,14011197863,2015
1144,14011298684,2015
1148,14010996919,2015
1152,14010996920,2015
1156,14010996922,2015
1160,14010996926,2015
1164,14010996927,2015
1168,14010996928,2015
1172,14011298685,2015
1176,14011298686,2015
1180,14010996932,2015
1184,14011298687,2015
1188,14011298688,2015
1192,14011298689,2015
1196,14010996935,2015
1200,14010996936,2015
1204,14011298690,2015
1208,14011097506,2015
1212,14010996942,2015
1216,14010996944,2015
1220,14010996945,2015
1224,14011599296,2015
1228,14010996949,2015
1232,14011298691,2015
1236,14010996951,2015
1240,14010996956,2015
1244,14011198519,2015
1248,14010996958,2015
1252,14010996959,2015
1256,14011298692,2015
1260,14010996960,2015
1264,14010996961,2015
1268,14011298693,2015
1272,14010996965,2015
1276,14010996969,2015
1280,14011298694,2015
1284,14011298695,2015
1288,14010996974,2015
1292,14011298696,2015
1296,14010996976,2015
1300,14010996978,2015
1304,14010996979,2015
1308,14011298697,2015
1312,14010996985,2015
1316,14010996986,2015
1320,14010996987,2015
1324,14010996988,2015
1328,14010996989,2015
1332,14010996990,2015
1336,14010996991,2015
1340,14010996992,2015
1344,14010996993,2015
1348,14010996994,2015
1352,14010996996,2015
1356,14011298698,2015
1360,14010996997,2015
1364,14010996999,2015
1368,14010997000,2015
1372,14010997001,2015
1376,14010997002,2015
1380,14010997003,2015
1384,14010997004,2015
1388,14010997006,2015
1392,14010997007,2015
1396,14010997009,2015
1400,14010997010,2015
1404,14010997011,2015
1408,14011298699,2015
1412,14011298700,2015
1416,14010997013,2015
1420,14010997014,2015
1424,14010997015,2015
1428,14010997016,2015
1432,14010997018,2015
1436,14010997020,2015
1440,14010997022,2015
1444,14010997023,2015
1448,14010997024,2015
1452,14011298701,2015
1456,14010997025,2015
1460,14010997027,2015
1464,14010997029,2015
1468,14011298702,2015
1472,14011298703,2015
1476,14010997030,2015
1480,14010997031,2015
1484,14010997034,2015
1488,14010997035,2015
1492,14010997036,2015
1496,14010997037,2015
1500,14010997038,2015
1504,14010997039,2015
1508,14010997043,2015
1512,14010997044,2015
1516,14010997045,2015
1520,14010997046,2015
1524,14011298704,2015
1528,14010997053,2015
1532,14011097209,2015
1536,14010997060,2015
1540,14010997062,2015
1544,14011298705,2015
1548,14011097211,2015
1552,14011298706,2015
1556,14011298707,2015
1560,14011197795,2015
1564,14011298709,2015
1568,14011298710,2015
1572,14011097215,2015
1576,14011097217,2015
1580,14011097222,2015
1584,14010696449,2015
1588,14011097224,2015
1592,14011097226,2015
1596,14011298711,2015
1600,14011097228,2015
1604,14011097230,2015
1608,14011097487,2015
1612,14011298712,2015
1616,14011298713,2015
1620,14011097234,2015
1624,14011298715,2015
1628,14011299186,2015
1632,14011298716,2015
1636,14011097495,2015
1640,14011097246,2015
1644,14011298718,2015
1648,14010696529,2015
1652,14011097252,2015
1656,14011097254,2015
1660,14011097258,2015
1664,14010796554,2015
1668,14011097262,2015
1672,14011298720,2015
1676,14011298721,2015
1680,14011599301,2015
1684,14011097264,2015
1688,14011097268,2015
1692,14011097270,2015
1696,14011097320,2015
1700,14011097322,2015
1704,14011097610,2015
1708,14011298722,2015
1712,14011097326,2015
1716,14011097328,2015
1720,14011097334,2015
1724,14011298724,2015
1728,14011097342,2015
1732,14011097337,2015
1736,14011097341,2015
1740,14011298725,2015
1744,14011097345,2015
1748,14011097348,2015
1752,14011097349,2015
1756,14011097350,2015
1760,14011298726,2015
1764,14011298727,2015
1768,14011097357,2015
1772,14011097359,2015
1776,14011097503,2015
1780,14011097500,2015
1784,14011097499,2015
1788,14011298728,2015
1792,14011097368,2015
1796,14011097369,2015
1800,14011097370,2015
1804,14011097375,2015
1808,14011097379,2015
1812,14011097382,2015
1816,14011097383,2015
1820,14011298729,2015
1824,14011097385,2015
1828,14011097387,2015
1832,14011097389,2015
1836,14011097390,2015
1840,14011097497,2015
1844,14011097393,2015
1848,14011097396,2015
1852,14011097399,2015
1856,14011097404,2015
1860,14011097411,2015
1864,14011097413,2015
1868,14011097415,2015
1872,14011097416,2015
1876,14011097418,2015
1880,14011097419,2015
1884,14011097423,2015
1888,14011097425,2015
1892,14011097433,2015
1896,14011097436,2015
1900,14011298731,2015
1904,14011298732,2015
1908,14011097510,2015
1912,14011097513,2015
1916,14011097516,2015
1920,14011097512,2015
1924,14011097515,2015
1928,14011097543,2015
1932,14011298733,2015
1936,14011097451,2015
1940,14011097452,2015
1944,14011097454,2015
1948,14011097455,2015
1952,14011097456,2015
1956,14011097458,2015
1960,14011097460,2015
1964,14011097463,2015
1968,14011097464,2015
1972,14011097468,2015
1976,14011298734,2015
1980,14011298736,2015
1984,14011097478,2015
1988,14011298738,2015
1992,14011097522,2015
1996,14011097524,2015
2000,14011097529,2015
2004,14011599297,2015
2008,14011097535,2015
2012,14011097537,2015
2016,14011097538,2015
2020,14011097542,2015
2024,14011097544,2015
2028,14011097554,2015
2032,14011097555,2015
2036,14011097557,2015
2040,14011097559,2015
2044,14011298739,2015
2048,14011097560,2015
2052,14011198432,2015
2056,14011097567,2015
2060,14011298740,2015
2064,14011097569,2015
2068,14011097571,2015
2072,14011298741,2015
2076,14011298742,2015
2080,14011097581,2015
2084,14011097582,2015
2088,14011097584,2015
2092,14011097585,2015
2096,14011097587,2015
2100,14011097588,2015
2104,14011097593,2015
2108,14011097595,2015
2112,14011097597,2015
2116,14011097601,2015
2120,14011097604,2015
2124,14011097606,2015
2128,14011298743,2015
2132,14011097616,2015
2136,14011097622,2015
2140,14011097627,2015
2144,14011097634,2015
2148,14011097635,2015
2152,14011097638,2015
2156,14011298744,2015
2160,14011298884,2015
2164,14011298885,2015
2168,14011298886,2015
2172,14011298888,2015
2176,14011298890,2015
2180,14011298892,2015
2184,14011298893,2015
2188,14011298894,2015
2192,14011298895,2015
2196,14011298896,2015
2200,14011298897,2015
2204,14011298899,2015
2208,14011298900,2015
2212,14011298901,2015
2216,14011298903,2015
2220,14011298904,2015
2224,14011298905,2015
2228,14011298906,2015
2232,14011298907,2015
2236,14011298909,2015
2240,14011298911,2015
2244,14011298912,2015
2248,14011298914,2015
2252,14011298915,2015
2256,14011298917,2015
2260,14011298918,2015
2264,14011298919,2015
2268,14011298921,2015
2272,14011298923,2015
2276,14011298925,2015
2280,14011298927,2015
2284,14011298929,2015
2288,14011298932,2015
2292,14011298933,2015
2296,14011298935,2015
2300,14011298936,2015
2304,14011298937,2015
2308,14011298939,2015
2312,14011097274,2015
2316,14011097276,2015
2320,14011097278,2015
2324,14011298745,2015
2328,14011298747,2015
2332,14011298748,2015
2336,14011097282,2015
2340,14011298749,2015
2344,14011298751,2015
2348,14011097639,2015
2352,14011097640,2015
2356,14011097641,2015
2360,14011097642,2015
2364,14011298752,2015
2368,14011298754,2015
2372,14011298755,2015
2376,14011298756,2015
2380,14011298806,2015
2384,14011298807,2015
2388,14011298808,2015
2392,14011298809,2015
2396,14011298810,2015
2400,14011298811,2015
2404,14011298813,2015
2408,14011298815,2015
2412,14011298817,2015
2416,14011298818,2015
2420,14011298819,2015
2424,14011298820,2015
2428,14011298821,2015
2432,14011298823,2015
2436,14011298824,2015
2440,14011298826,2015
2444,14011298828,2015
2448,14011298832,2015
2452,14011298834,2015
2456,14011298836,2015
2460,14011298838,2015
2464,14011298759,2015
2468,14011298760,2015
2472,14011298762,2015
2476,14011298842,2015
2480,14011298844,2015
2484,14011298846,2015
2488,14011298848,2015
2492,14011299190,2015
2496,14011298763,2015
2500,14011298764,2015
2504,14011599292,2015
2508,14011298765,2015
2512,14011298766,2015
2516,14011298768,2015
2520,14011298770,2015
2524,14011298775,2015
2528,14011298777,2015
2532,14011298778,2015
2536,14011298779,2015
2540,14011298780,2015
2544,14011298781,2015
2548,14011298783,2015
2552,14011298784,2015
2556,14011298785,2015
2560,14011298786,2015
2564,14011298787,2015
2568,14011298789,2015
2572,14011197796,2015
2576,14011197864,2015
2580,14011197798,2015
2584,14011198548,2015
2588,14011198394,2015
2592,14011198395,2015
2596,14011198416,2015
2600,14011198554,2015
2604,14011298790,2015
2608,14011198509,2015
2612,14011197866,2015
2616,14011197804,2015
2620,14011198543,2015
2624,14011198544,2015
2628,14011198469,2015
2632,14011198420,2015
2636,14011197808,2015
2640,14011198433,2015
2644,14011197816,2015
2648,14011197817,2015
2652,14011198435,2015
2656,14011197819,2015
2660,14011197820,2015
2664,14011197872,2015
2668,14011197873,2015
2672,14011198481,2015
2676,14011198527,2015
2680,14011298942,2015
2684,14011298943,2015
2688,14011298945,2015
2692,14011298947,2015
2696,14011298949,2015
2700,14011298950,2015
2704,14011298952,2015
2708,14011298954,2015
2712,14011298955,2015
2716,14011298957,2015
2720,14011298959,2015
2724,14011298962,2015
2728,14011298964,2015
2732,14011298968,2015
2736,14011298970,2015
2740,14011298971,2015
2744,14011298973,2015
2748,14011298974,2015
2752,14011298975,2015
2756,14011298977,2015
2760,14011298979,2015
2764,14011298981,2015
2768,14011298983,2015
2772,14011298985,2015
2776,14011298987,2015
2780,14011298989,2015
2784,14011298990,2015
2788,14011298991,2015
2792,14011298993,2015
2796,14011298994,2015
2800,14011298995,2015
2804,14011298996,2015
2808,14011298997,2015
2812,14011298998,2015
2816,14011298999,2015
2820,14011299001,2015
2824,14011299003,2015
2828,14011299004,2015
2832,14011299005,2015
2836,14011299007,2015
2840,14011299008,2015
2844,14011299009,2015
2848,14011299010,2015
2852,14011299011,2015
2856,14011299012,2015
2860,14011299013,2015
2864,14011299014,2015
2868,14011299015,2015
2872,14011299016,2015
2876,14011299017,2015
2880,14011299019,2015
2884,14011299020,2015
2888,14011299022,2015
2892,14011299023,2015
2896,14011299024,2015
2900,14011299025,2015
2904,14011299026,2015
2908,14011299027,2015
2912,14011299028,2015
2916,14011299029,2015
2920,14011299030,2015
2924,14011299031,2015
2928,14011299032,2015
2932,14011299033,2015
2936,14011299035,2015
2940,14011299037,2015
2944,14011299038,2015
2948,14011299040,2015
2952,14011299043,2015
2956,14011299044,2015
2960,14011299046,2015
2964,14011299051,2015
2968,14011299054,2015
2972,14011299057,2015
2976,14011299059,2015
2980,14011299060,2015
2984,14011299062,2015
2988,14011299064,2015
2992,14011299066,2015
2996,14011299067,2015
3000,14011299068,2015
3004,14011299071,2015
3008,14011299074,2015
3012,14011299076,2015
3016,14011299078,2015
3020,14011299080,2015
3024,14011299082,2015
3028,14011299083,2015
3032,14011299085,2015
3036,14011299087,2015
3040,14011299088,2015
3044,14011299090,2015
3048,14011299091,2015
3052,14011299093,2015
3056,14011299095,2015
3060,14011299097,2015
3064,14011299099,2015
3068,14011299101,2015
3072,14011299104,2015
3076,14011299105,2015
3080,14011299106,2015
3084,14011299110,2015
3088,14011299111,2015
3092,14011299112,2015
3096,14011299113,2015
3100,14011299115,2015
3104,14011299116,2015
3108,14011299118,2015
3112,14011299119,2015
3116,14011299121,2015
3120,14011299122,2015
3124,14011299125,2015
3128,14011299128,2015
3132,14011299129,2015
3136,14011299130,2015
3140,14011299133,2015
3144,14011299134,2015
3148,14011299136,2015
3152,14011299138,2015
3156,14011299139,2015
3160,14011299141,2015
3164,14011299143,2015
3168,14011299146,2015
3172,14011299148,2015
3176,14011299150,2015
3180,14011299152,2015
3184,14011299154,2015
3188,14011299156,2015
3192,14011299160,2015
3196,14011299161,2015
3200,14011299164,2015
3204,14011299166,2015
3208,14011299168,2015
3212,14011299169,2015
3216,14011299172,2015
3220,14011299173,2015
3224,14011299174,2015
3228,14011299176,2015
3232,14011299178,2015
3236,14011299180,2015
3240,14011299182,2015
3244,14011299191,2015
3248,14011299193,2015
3252,14011299195,2015
3256,14011299197,2015
3260,14011299203,2015
3264,14011299205,2015
3268,14011299207,2015
3272,14011299210,2015
3276,14011299212,2015
3280,14011299214,2015
3284,14011299215,2015
3288,14011299218,2015
3292,14011299219,2015
3296,14011299220,2015
3300,14011197810,2015
3304,14011197868,2015
3308,14011197869,2015
3312,14011197814,2015
3316,14011198504,2015
3320,14011197876,2015
3324,14011197877,2015
3328,14011198445,2015
3332,14011197830,2015
3336,14011198397,2015
3340,14011198378,2015
3344,14011198396,2015
3348,14011198450,2015
3352,14011198387,2015
3356,14011197841,2015
3360,14011198493,2015
3364,14011198407,2015
3368,14011197848,2015
3372,14011197856,2015
3376,14011198375,2015
3380,14011198456,2015
3384,14011197859,2015
3388,14011197881,2015
3392,14011198374,2015
3396,14011198413,2015
3400,14011198451,2015
3404,14011197886,2015
3408,14011198529,2015
3412,14011198379,2015
3416,14011198399,2015
3420,14011198531,2015
3424,14011198476,2015
3428,14011198534,2015
3432,14011198449,2015
3436,14011197918,2015
3440,14011197920,2015
3444,14011197921,2015
3448,14011197922,2015
3452,14011197889,2015
3456,14011197890,2015
3460,14011198418,2015
3464,14011197893,2015
3468,14011198533,2015
3472,14011197911,2015
3476,14011197913,2015
3480,14011197914,2015
3484,14011197923,2015
3488,14011197925,2015
3492,14011197930,2015
3496,14011198501,2015
3500,14011198484,2015
3504,14011197936,2015
3508,14011198503,2015
3512,14011197939,2015
3516,14011197940,2015
3520,14011198521,2015
3524,14011198490,2015
3528,14011198492,2015
3532,14011197947,2015
3536,14011198480,2015
3540,14011198497,2015
3544,14011197953,2015
3548,14011198439,2015
3552,14011198411,2015
3556,14011197959,2015
3560,14011197960,2015
3564,14011197961,2015
3568,14011198427,2015
3572,14011197964,2015
3576,14011599291,2015
3580,14011197966,2015
3584,14011197970,2015
3588,14011197972,2015
3592,14011197974,2015
3596,14011197977,2015
3600,14011197979,2015
3604,14011197981,2015
3608,14011197983,2015
3612,14011197985,2015
3616,14011197987,2015
3620,14011197989,2015
3624,14011198474,2015
3628,14011197993,2015
3632,14011198525,2015
3636,14011198381,2015
3640,14011197999,2015
3644,14011198472,2015
3648,14011198437,2015
3652,14011198005,2015
3656,14011198466,2015
3660,14011198007,2015
3664,14011198008,2015
3668,14011198010,2015
3672,14011198012,2015
3676,14011198502,2015
3680,14011198511,2015
3684,14011198448,2015
3688,14011198023,2015
3692,14011198025,2015
3696,14011198029,2015
3700,14011198031,2015
3704,14011198033,2015
3708,14011198430,2015
3712,14011198036,2015
3716,14011198038,2015
3720,14011198039,2015
3724,14011198040,2015
3728,14011198041,2015
3732,14011198043,2015
3736,14011198391,2015
3740,14011198401,2015
3744,14011198383,2015
3748,14011198441,2015
3752,14011198052,2015
3756,14011198053,2015
3760,14011198440,2015
3764,14011198475,2015
3768,14011198057,2015
3772,14011198461,2015
3776,14011198468,2015
3780,14011198063,2015
3784,14011198065,2015
3788,14011198067,2015
3792,14011198409,2015
3796,14011198069,2015
3800,14011198422,2015
3804,14011198423,2015
3808,14011198082,2015
3812,14011198084,2015
3816,14011198444,2015
3820,14011198518,2015
3824,14011198087,2015
3828,14011198517,2015
3832,14011198442,2015
3836,14011198424,2015
3840,14011198091,2015
3844,14011198488,2015
3848,14011198522,2015
3852,14011198096,2015
3856,14011198098,2015
3860,14011198102,2015
3864,14011198101,2015
3868,14011198103,2015
3872,14011198104,2015
3876,14011198402,2015
3880,14011198106,2015
3884,14011198107,2015
3888,14011198109,2015
3892,14011198516,2015
3896,14011198112,2015
3900,14011198113,2015
3904,14011198114,2015
3908,14011599307,2015
3912,14011198072,2015
3916,14011198076,2015
3920,14011198487,2015
3924,14011198116,2015
3928,14011198505,2015
3932,14011198120,2015
3936,14011198121,2015
3940,14011198454,2015
3944,14011198125,2015
3948,14011599308,2015
3952,14011198523,2015
3956,14011198131,2015
3960,14011198135,2015
3964,14011198136,2015
3968,14011198138,2015
3972,14011198139,2015
3976,14011198141,2015
3980,14011198143,2015
3984,14011198145,2015
3988,14011198146,2015
3992,14011198148,2015
3996,14011198149,2015
4000,14011198150,2015
4004,14011198152,2015
4008,14011198153,2015
4012,14011198155,2015
4016,14011198412,2015
4020,14011198159,2015
4024,14011198388,2015
4028,14011198585,2015
4032,14011198417,2015
4036,14011198463,2015
4040,14011198166,2015
4044,14011198479,2015
4048,14011198410,2015
4052,14011198443,2015
4056,14011198514,2015
4060,14011198174,2015
4064,14011198176,2015
4068,14011198178,2015
4072,14011198179,2015
4076,14011198180,2015
4080,14011198182,2015
4084,14011198183,2015
4088,14011198185,2015
4092,14011198499,2015
4096,14011198498,2015
4100,14011198491,2015
4104,14011198192,2015
4108,14011198193,2015
4112,14011198194,2015
4116,14011198196,2015
4120,14011198486,2015
4124,14011198198,2015
4128,14011198200,2015
4132,14011198202,2015
4136,14011198204,2015
4140,14011198392,2015
4144,14011198376,2015
4148,14011198425,2015
4152,14011198408,2015
4156,14011198447,2015
4160,14011198515,2015
4164,14011198214,2015
4168,14011198215,2015
4172,14011198216,2015
4176,14011198217,2015
4180,14011198507,2015
4184,14011198460,2015
4188,14011198384,2015
4192,14011198457,2015
4196,14011198462,2015
4200,14011198478,2015
4204,14011198464,2015
4208,14011198459,2015
4212,14011198495,2015
4216,14011198237,2015
4220,14011198238,2015
4224,14011198535,2015
4228,14011198242,2015
4232,14011198530,2015
4236,14011198539,2015
4240,14011198540,2015
4244,14011198254,2015
4248,14011198256,2015
4252,14011198258,2015
4256,14011198259,2015
4260,14011198260,2015
4264,14011198262,2015
4268,14011198263,2015
4272,14011198265,2015
4276,14011198266,2015
4280,14011198267,2015
4284,14011198269,2015
4288,14011198271,2015
4292,14011198273,2015
4296,14011198404,2015
4300,14011198276,2015
4304,14011198278,2015
4308,14011198280,2015
4312,14011198282,2015
4316,14011198284,2015
4320,14011198286,2015
4324,14011198288,2015
4328,14011198291,2015
4332,14011198293,2015
4336,14011198294,2015
4340,14011198295,2015
4344,14011198500,2015
4348,14011198471,2015
4352,14011198473,2015
4356,14011198467,2015
4360,14011298791,2015
4364,14011198382,2015
4368,14011198506,2015
4372,14011198436,2015
4376,14011198312,2015
4380,14011298792,2015
4384,14011198414,2015
4388,14011198429,2015
4392,14011198377,2015
4396,14011198426,2015
4400,14011198389,2015
4404,14011198428,2015
4408,14011198393,2015
4412,14011198325,2015
4416,14011198526,2015
4420,14011198328,2015
4424,14011198386,2015
4428,14011198398,2015
4432,14011198494,2015
4436,14011198334,2015
4440,14011198335,2015
4444,14011198380,2015
4448,14011198339,2015
4452,14011198406,2015
4456,14011198477,2015
4460,14011198485,2015
4464,14011198405,2015
4468,14011198512,2015
4472,14011198351,2015
4476,14011198438,2015
4480,14011599293,2015
4484,14011198357,2015
4488,14011198452,2015
4492,14011198524,2015
4496,14011198455,2015
4500,14011198496,2015
4504,14011599294,2015
4508,14011198364,2015
4512,14011198365,2015
4516,14011198367,2015
4520,14011198470,2015
4524,14011198390,2015
4528,14011198371,2015
4532,14011198373,2015
4536,14011198545,2015
4540,14011198546,2015
4544,14011198547,2015
4548,14011198560,2015
4552,14011198564,2015
4556,14011198566,2015
4560,14011198570,2015
4564,14011198582,2015
4568,14011198573,2015
4572,14011198581,2015
4576,14011198576,2015
4580,14011198577,2015
4584,14011198578,2015
4588,14011299199,2015
4592,14011198583,2015
4596,14011198587,2015
4600,14011198588,2015
4604,14011198589,2015
4608,14011298793,2015
4612,14011198593,2015
4616,14011198595,2015
4620,14011198597,2015
4624,14011198608,2015
4628,14011298794,2015
4632,14011298795,2015
4636,14011298796,2015
4640,14011298798,2015
4644,14011298800,2015
4648,14011298851,2015
4652,14011298852,2015
4656,14011298853,2015
4660,14011298855,2015
4664,14011299200,2015
4668,14011298857,2015
4672,14011298858,2015
4676,14011298861,2015
4680,14011298862,2015
4684,14011299202,2015
4688,14011298864,2015
4692,14011298866,2015
4696,14011298868,2015
4700,14011298869,2015
4704,14011298870,2015
4708,14011298871,2015
4712,14011298872,2015
4716,14011298873,2015
4720,14011298875,2015
4724,14011298876,2015
4728,14011298877,2015
4732,14010796567,2012
4736,14010796569,2012
4740,14011097068,2012
4744,14011097501,2012
4748,14011097517,2012
4752,14011097074,2012
4756,14011097617,2012
4760,14011198520,2012
4764,14011298612,2012
4768,14011299184,2012
4772,14011097286,2012
4776,14011097288,2012
4780,14011097290,2012
4784,14011097292,2012
4788,14011298614,2012
4792,14010796586,2012
4796,14010796588,2012
4800,14011097084,2012
4804,14011097086,2012
4808,14011298615,2012
4812,14010796594,2012
4816,14011097504,2012
4820,14011097514,2012
4824,14011298617,2012
4828,14011298618,2012
4832,14010796598,2012
4836,14011097092,2012
4840,14011097098,2012
4844,14011097397,2012
4848,14011298620,2012
4852,14010796607,2012
4856,14011097509,2012
4860,14011097102,2012
4864,14011298622,2012
4868,14011298623,2012
4872,14010796614,2012
4876,14011097507,2012
4880,14011097482,2012
4884,14011097502,2012
4888,14011298624,2012
4892,14010796618,2012
4896,14011097110,2012
4900,14011097112,2012
4904,14011298626,2012
4908,14011298627,2012
4912,14011097296,2012
4916,14011097300,2012
4920,14011198431,2012
4924,14011097489,2012
4928,14011298629,2012
4932,14011097114,2012
4936,14011198541,2012
4940,14011097118,2012
4944,14011097480,2012
4948,14011298630,2012
4952,14011097122,2012
4956,14011097124,2012
4960,14011097126,2012
4964,14011298631,2012
4968,14010796643,2012
4972,14010796644,2012
4976,14010796647,2012
4980,14011097130,2012
4984,14011298633,2012
4988,14010796651,2012
4992,14011097134,2012
4996,14011097136,2012
5000,14011097138,2012
5004,14011298634,2012
5008,14011097140,2012
5012,14011097142,2012
5016,14011097144,2012
5020,14011097146,2012
5024,14011298635,2012
5028,14011097496,2012
5032,14011097150,2012
5036,14011097152,2012
5040,14011097154,2012
5044,14011298636,2012
5048,14010796669,2012
5052,14010796671,2012
5056,14010796672,2012
5060,14011097156,2012
5064,14011298637,2012
5068,14010796674,2012
5072,14011097163,2012
5076,14011097313,2012
5080,14011097527,2012
5084,14011097486,2012
5088,14011097308,2012
5092,14011097310,2012
5096,14011097312,2012
5100,14011097315,2012
5104,14011097317,2012
5108,14010896693,2012
5112,14010896694,2012
5116,14011097485,2012
5120,14011097167,2012
5124,14011298638,2012
5128,14010896695,2012
5132,14010896698,2012
5136,14011097169,2012
5140,14011298639,2012
5144,14010896700,2012
5148,14010896701,2012
5152,14010896703,2012
5156,14010896704,2012
5160,14011298640,2012
5164,14011097173,2012
5168,14011097490,2012
5172,14011298641,2012
5176,14011298644,2012
5180,14011299188,2012
5184,14010896711,2012
5188,14010896714,2012
5192,14011298645,2012
5196,14010896715,2012
5200,14010896716,2012
5204,14010896717,2012
5208,14010896719,2012
5212,14011097177,2012
5216,14010896720,2012
5220,14010896722,2012
5224,14010896723,2012
5228,14011197861,2012
5232,14011298647,2012
5236,14010896727,2012
5240,14010896729,2012
5244,14011097179,2012
5248,14011298649,2012
5252,14010896731,2012
5256,14010896733,2012
5260,14010896734,2012
5264,14010896735,2012
5268,14010896737,2012
5272,14010896738,2012
5276,14011097181,2012
5280,14011097609,2012
5284,14011298650,2012
5288,14011097185,2012
5292,14011298651,2012
5296,14011298652,2012
5300,14011298653,2012
5304,14011298654,2012
5308,14011298655,2012
5312,14010896747,2012
5316,14011097187,2012
5320,14011298656,2012
5324,14011298657,2012
5328,14011298659,2012
5332,14010896755,2012
5336,14010896757,2012
5340,14010896759,2012
5344,14010896761,2012
5348,14010896762,2012
5352,14011298660,2012
5356,14011298661,2012
5360,14010896764,2012
5364,14010896765,2012
5368,14010896766,2012
5372,14010896768,2012
5376,14010896769,2012
5380,14010896770,2012
5384,14011298662,2012
5388,14011298663,2012
5392,14010896777,2012
5396,14010896780,2012
5400,14010896781,2012
5404,14010896782,2012
5408,14010896785,2012
5412,14010896786,2012
5416,14011097191,2012
5420,14011198465,2012
5424,14010896787,2012
5428,14010896788,2012
5432,14010896790,2012
5436,14011097193,2012
5440,14011298664,2012
5444,14010896794,2012
5448,14010896796,2012
5452,14011097195,2012
5456,14010896797,2012
5460,14010896799,2012
5464,14011298665,2012
5468,14010896803,2012
5472,14010896806,2012
5476,14011097197,2012
5480,14011298666,2012
5484,14010896807,2012
5488,14011298667,2012
5492,14010896813,2012
5496,14010896814,2012
5500,14010896817,2012
5504,14011298668,2012
5508,14010896819,2012
5512,14010896820,2012
5516,14010896821,2012
5520,14011298669,2012
5524,14010896824,2012
5528,14010896825,2012
5532,14010896826,2012
5536,14011097201,2012
5540,14010896830,2012
5544,14010896831,2012
5548,14010896833,2012
5552,14010896834,2012
5556,14010896835,2012
5560,14010896836,2012
5564,14010896837,2012
5568,14011298670,2012
5572,14011298671,2012
5576,14010896840,2012
5580,14010896841,2012
5584,14010896843,2012
5588,14010896847,2012
5592,14010896850,2012
5596,14010896851,2012
5600,14010896855,2012
5604,14010896857,2012
5608,14011097203,2012
5612,14010896858,2012
5616,14010896860,2012
5620,14010896862,2012
5624,14011097205,2012
5628,14011298672,2012
5632,14011298673,2012
5636,14010996865,2012
5640,14010996868,2012
5644,14011298675,2012
5648,14011298676,2012
5652,14011298677,2012
5656,14010996870,2012
5660,14010996871,2012
5664,14011097488,2012
5668,14010996873,2012
5672,14010996874,2012
5676,14010996875,2012
5680,14010996876,2012
5684,14010996877,2012
5688,14010996878,2012
5692,14010996879,2012
5696,14010996881,2012
5700,14010996883,2012
5704,14010996884,2012
5708,14010996885,2012
5712,14010996886,2012
5716,14010996887,2012
5720,14010996890,2012
5724,14010996891,2012
5728,14010996892,2012
5732,14011298678,2012
5736,14010996893,2012
5740,14010996894,2012
5744,14011198403,2012
5748,14010996896,2012
5752,14011298679,2012
5756,14010996899,2012
5760,14010996900,2012
5764,14010996901,2012
5768,14010996902,2012
5772,14011298680,2012
5776,14010996903,2012
5780,14010996905,2012
5784,14010996907,2012
5788,14011298682,2012
5792,14011298683,2012
5796,14010996909,2012
5800,14010996910,2012
5804,14010996911,2012
5808,14010996912,2012
5812,14010996913,2012
5816,14010996914,2012
5820,14010996916,2012
5824,14010996918,2012
5828,14011197863,2012
5832,14011298684,2012
5836,14010996919,2012
5840,14010996920,2012
5844,14010996921,2012
5848,14010996922,2012
5852,14010996923,2012
5856,14010996926,2012
5860,14010996927,2012
5864,14010996928,2012
5868,14011298685,2012
5872,14011298686,2012
5876,14010996929,2012
5880,14010996932,2012
5884,14011298687,2012
5888,14011298688,2012
5892,14011298689,2012
5896,14010996934,2012
5900,14010996935,2012
5904,14010996936,2012
5908,14010996939,2012
5912,14011298690,2012
5916,14010996940,2012
5920,14011097506,2012
5924,14010996942,2012
5928,14010996943,2012
5932,14010996944,2012
5936,14010996945,2012
5940,14010996947,2012
5944,14010996948,2012
5948,14010996949,2012
5952,14011298691,2012
5956,14010996950,2012
5960,14010996951,2012
5964,14010996952,2012
5968,14010996953,2012
5972,14010996954,2012
5976,14010996956,2012
5980,14011198519,2012
5984,14010996958,2012
5988,14010996959,2012
5992,14011298692,2012
5996,14010996960,2012
6000,14010996961,2012
6004,14010996962,2012
6008,14010996963,2012
6012,14011298693,2012
6016,14010996965,2012
6020,14010996967,2012
6024,14010996969,2012
6028,14011298694,2012
6032,14011298695,2012
6036,14010996970,2012
6040,14010996971,2012
6044,14010996974,2012
6048,14010996975,2012
6052,14011298696,2012
6056,14010996976,2012
6060,14010996978,2012
6064,14010996979,2012
6068,14010996980,2012
6072,14011298697,2012
6076,14010996982,2012
6080,14010996983,2012
6084,14010996984,2012
6088,14010996985,2012
6092,14010996986,2012
6096,14010996987,2012
6100,14010996988,2012
6104,14010996989,2012
6108,14010996990,2012
6112,14010996991,2012
6116,14010996992,2012
6120,14010996993,2012
6124,14010996994,2012
6128,14010996996,2012
6132,14011298698,2012
6136,14010996997,2012
6140,14010996999,2012
6144,14010997000,2012
6148,14010997001,2012
6152,14010996998,2012
6156,14010997002,2012
6160,14010997003,2012
6164,14010997004,2012
6168,14010997006,2012
6172,14010997007,2012
6176,14010997009,2012
6180,14010997010,2012
6184,14010997011,2012
6188,14011298699,2012
6192,14011298700,2012
6196,14010997013,2012
6200,14010997014,2012
6204,14010997015,2012
6208,14010997016,2012
6212,14010997018,2012
6216,14010997020,2012
6220,14010997022,2012
6224,14010997023,2012
6228,14010997024,2012
6232,14011298701,2012
6236,14010997025,2012
6240,14010997027,2012
6244,14010997029,2012
6248,14011298702,2012
6252,14011298703,2012
6256,14010997030,2012
6260,14010997031,2012
6264,14010997034,2012
6268,14010997035,2012
6272,14010997032,2012
6276,14010997036,2012
6280,14010997037,2012
6284,14010997038,2012
6288,14010997039,2012
6292,14010997043,2012
6296,14010997044,2012
6300,14010997045,2012
6304,14010997046,2012
6308,14010997048,2012
6312,14011298704,2012
6316,14010997053,2012
6320,14011097209,2012
6324,14010997060,2012
6328,14010997062,2012
6332,14011298705,2012
6336,14011097211,2012
6340,14011298706,2012
6344,14011298707,2012
6348,14011298708,2012
6352,14010696402,2012
6356,14011197795,2012
6360,14011298709,2012
6364,14011298710,2012
6368,14011097215,2012
6372,14010696434,2012
6376,14010696437,2012
6380,14011097217,2012
6384,14011097484,2012
6388,14011097222,2012
6392,14010696447,2012
6396,14010696449,2012
6400,14011097224,2012
6404,14011097226,2012
6408,14011298711,2012
6412,14011097228,2012
6416,14011097230,2012
6420,14011097487,2012
6424,14011298712,2012
6428,14011298713,2012
6432,14011097234,2012
6436,14011097236,2012
6440,14011097238,2012
6444,14011298715,2012
6448,14011299186,2012
6452,14010696481,2012
6456,14010696492,2012
6460,14010696498,2012
6464,14011097242,2012
6468,14011298716,2012
6472,14010696505,2012
6476,14011097495,2012
6480,14011097246,2012
6484,14011097248,2012
6488,14011298718,2012
6492,14010696529,2012
6496,14011097250,2012
6500,14011097252,2012
6504,14011097254,2012
6508,14011097256,2012
6512,14010696540,2012
6516,14010796545,2012
6520,14010796547,2012
6524,14011097258,2012
6528,14011298719,2012
6532,14010796554,2012
6536,14011097262,2012
6540,14011298720,2012
6544,14011298721,2012
6548,14010796560,2012
6552,14011097264,2012
6556,14011097266,2012
6560,14011097268,2012
6564,14011097270,2012
6568,14011097320,2012
6572,14011097322,2012
6576,14011097323,2012
6580,14011097610,2012
6584,14011298722,2012
6588,14011097326,2012
6592,14011097328,2012
6596,14011097330,2012
6600,14011097334,2012
6604,14011298724,2012
6608,14011097342,2012
6612,14011097337,2012
6616,14011097339,2012
6620,14011097341,2012
6624,14011298725,2012
6628,14011097345,2012
6632,14011097348,2012
6636,14011097349,2012
6640,14011097350,2012
6644,14011298726,2012
6648,14011298727,2012
6652,14011097354,2012
6656,14011097357,2012
6660,14011097359,2012
6664,14011097503,2012
6668,14011097505,2012
6672,14011097614,2012
6676,14011097500,2012
6680,14011097363,2012
6684,14011097499,2012
6688,14011097367,2012
6692,14011298728,2012
6696,14011097368,2012
6700,14011097369,2012
6704,14011097370,2012
6708,14011097372,2012
6712,14011097375,2012
6716,14011097377,2012
6720,14011097379,2012
6724,14011097382,2012
6728,14011097383,2012
6732,14011298729,2012
6736,14011097385,2012
6740,14011097387,2012
6744,14011097389,2012
6748,14011097390,2012
6752,14011097497,2012
6756,14011097393,2012
6760,14011097498,2012
6764,14011097396,2012
6768,14011097399,2012
6772,14011097400,2012
6776,14011097401,2012
6780,14011097402,2012
6784,14011097404,2012
6788,14011097405,2012
6792,14011097407,2012
6796,14011097409,2012
6800,14011097411,2012
6804,14011097413,2012
6808,14011097415,2012
6812,14011097416,2012
6816,14011097418,2012
6820,14011097419,2012
6824,14011097420,2012
6828,14011097422,2012
6832,14011097423,2012
6836,14011097425,2012
6840,14011097427,2012
6844,14011097429,2012
6848,14011097433,2012
6852,14011097436,2012
6856,14011097438,2012
6860,14011298731,2012
6864,14011298732,2012
6868,14011097510,2012
6872,14011097513,2012
6876,14011097441,2012
6880,14011097516,2012
6884,14011097443,2012
6888,14011097512,2012
6892,14011097515,2012
6896,14011097448,2012
6900,14011097543,2012
6904,14011298733,2012
6908,14011097451,2012
6912,14011097452,2012
6916,14011097454,2012
6920,14011097455,2012
6924,14011097456,2012
6928,14011097458,2012
6932,14011097460,2012
6936,14011097462,2012
6940,14011097463,2012
6944,14011097464,2012
6948,14011097465,2012
6952,14011097468,2012
6956,14011097471,2012
6960,14011097473,2012
6964,14011298734,2012
6968,14011298736,2012
6972,14011097478,2012
6976,14011097518,2012
6980,14011097520,2012
6984,14011097615,2012
6988,14011298738,2012
6992,14011097522,2012
6996,14011097524,2012
7000,14011097529,2012
7004,14011097530,2012
7008,14011097531,2012
7012,14011097534,2012
7016,14011097535,2012
7020,14011097537,2012
7024,14011097538,2012
7028,14011097542,2012
7032,14011097544,2012
7036,14011097546,2012
7040,14011097547,2012
7044,14011097549,2012
7048,14011097551,2012
7052,14011097554,2012
7056,14011097555,2012
7060,14011097557,2012
7064,14011097559,2012
7068,14011298739,2012
7072,14011097560,2012
7076,14011097564,2012
7080,14011198432,2012
7084,14011097567,2012
7088,14011298740,2012
7092,14011097569,2012
7096,14011097571,2012
7100,14011097572,2012
7104,14011097575,2012
7108,14011298741,2012
7112,14011298742,2012
7116,14011097577,2012
7120,14011097578,2012
7124,14011097581,2012
7128,14011097582,2012
7132,14011097584,2012
7136,14011097585,2012
7140,14011097587,2012
7144,14011097588,2012
7148,14011198542,2012
7152,14011097590,2012
7156,14011097591,2012
7160,14011097593,2012
7164,14011097595,2012
7168,14011097597,2012
7172,14011097599,2012
7176,14011097601,2012
7180,14011097602,2012
7184,14011097604,2012
7188,14011097606,2012
7192,14011097607,2012
7196,14011298743,2012
7200,14011097616,2012
7204,14011097622,2012
7208,14011097627,2012
7212,14011097629,2012
7216,14011097632,2012
7220,14011097631,2012
7224,14011097634,2012
7228,14011097635,2012
7232,14011198489,2012
7236,14011097638,2012
7240,14011298744,2012
7244,14011298884,2012
7248,14011298885,2012
7252,14011298886,2012
7256,14011298888,2012
7260,14011298890,2012
7264,14011298892,2012
7268,14011298893,2012
7272,14011298894,2012
7276,14011298895,2012
7280,14011298896,2012
7284,14011298897,2012
7288,14011298899,2012
7292,14011298900,2012
7296,14011298901,2012
7300,14011298903,2012
7304,14011298904,2012
7308,14011298905,2012
7312,14011298906,2012
7316,14011298907,2012
7320,14011298909,2012
7324,14011298911,2012
7328,14011298912,2012
7332,14011298914,2012
7336,14011298915,2012
7340,14011298917,2012
7344,14011298918,2012
7348,14011298919,2012
7352,14011298921,2012
7356,14011298923,2012
7360,14011298925,2012
7364,14011298927,2012
7368,14011298929,2012
7372,14011298930,2012
7376,14011298932,2012
7380,14011298933,2012
7384,14011298935,2012
7388,14011298936,2012
7392,14011298937,2012
7396,14011298939,2012
7400,14011298941,2012
7404,14011097272,2012
7408,14011097274,2012
7412,14011097276,2012
7416,14011097278,2012
7420,14011097494,2012
7424,14011298745,2012
7428,14011298747,2012
7432,14011298748,2012
7436,14011097282,2012
7440,14011097284,2012
7444,14011097790,2012
7448,14011298749,2012
7452,14011298751,2012
7456,14011097639,2012
7460,14011097640,2012
7464,14011097641,2012
7468,14011097642,2012
7472,14011097657,2012
7476,14011298752,2012
7480,14011298754,2012
7484,14011298755,2012
7488,14011298756,2012
7492,14011298806,2012
7496,14011298807,2012
7500,14011298808,2012
7504,14011298809,2012
7508,14011298810,2012
7512,14011298811,2012
7516,14011298813,2012
7520,14011298815,2012
7524,14011298817,2012
7528,14011298818,2012
7532,14011298819,2012
7536,14011298820,2012
7540,14011298821,2012
7544,14011298823,2012
7548,14011298824,2012
7552,14011298826,2012
7556,14011298828,2012
7560,14011298832,2012
7564,14011298834,2012
7568,14011298836,2012
7572,14011298838,2012
7576,14011097705,2012
7580,14011298758,2012
7584,14011298759,2012
7588,14011298760,2012
7592,14011298762,2012
7596,14011298842,2012
7600,14011298844,2012
7604,14011298846,2012
7608,14011298848,2012
7612,14011299190,2012
7616,14011097725,2012
7620,14011097731,2012
7624,14011097733,2012
7628,14011298763,2012
7632,14011298764,2012
7636,14011097735,2012
7640,14011298765,2012
7644,14011298766,2012
7648,14011298768,2012
7652,14011298770,2012
7656,14011097753,2012
7660,14011298772,2012
7664,14011298775,2012
7668,14011298777,2012
7672,14011097761,2012
7676,14011298778,2012
7680,14011298779,2012
7684,14011298780,2012
7688,14011298781,2012
7692,14011097771,2012
7696,14011097775,2012
7700,14011097777,2012
7704,14011298783,2012
7708,14011298784,2012
7712,14011097786,2012
7716,14011298785,2012
7720,14011298786,2012
7724,14011298787,2012
7728,14011298789,2012
7732,14011197796,2012
7736,14011197864,2012
7740,14011197798,2012
7744,14011198548,2012
7748,14011198394,2012
7752,14011198395,2012
7756,14011198416,2012
7760,14011198554,2012
7764,14011298790,2012
7768,14011198509,2012
7772,14011197866,2012
7776,14011197804,2012
7780,14011198543,2012
7784,14011198544,2012
7788,14011198469,2012
7792,14011198420,2012
7796,14011197807,2012
7800,14011197808,2012
7804,14011198433,2012
7808,14011197816,2012
7812,14011197817,2012
7816,14011198435,2012
7820,14011197819,2012
7824,14011197820,2012
7828,14011198532,2012
7832,14011197872,2012
7836,14011197873,2012
7840,14011198481,2012
7844,14011198527,2012
7848,14011298942,2012
7852,14011298943,2012
7856,14011298945,2012
7860,14011298947,2012
7864,14011298949,2012
7868,14011298950,2012
7872,14011298952,2012
7876,14011298954,2012
7880,14011298955,2012
7884,14011298957,2012
7888,14011298959,2012
7892,14011298962,2012
7896,14011298964,2012
7900,14011298966,2012
7904,14011298968,2012
7908,14011298970,2012
7912,14011298971,2012
7916,14011298973,2012
7920,14011298974,2012
7924,14011298975,2012
7928,14011298977,2012
7932,14011298979,2012
7936,14011298981,2012
7940,14011298983,2012
7944,14011298984,2012
7948,14011298985,2012
7952,14011298987,2012
7956,14011298989,2012
7960,14011298990,2012
7964,14011298991,2012
7968,14011298993,2012
7972,14011298994,2012
7976,14011298995,2012
7980,14011298996,2012
7984,14011298997,2012
7988,14011298998,2012
7992,14011298999,2012
7996,14011299001,2012
8000,14011299003,2012
8004,14011299004,2012
8008,14011299005,2012
8012,14011299007,2012
8016,14011299008,2012
8020,14011299009,2012
8024,14011299010,2012
8028,14011299011,2012
8032,14011299012,2012
8036,14011299013,2012
8040,14011299014,2012
8044,14011299015,2012
8048,14011299016,2012
8052,14011299017,2012
8056,14011299019,2012
8060,14011299020,2012
8064,14011299022,2012
8068,14011299023,2012
8072,14011299024,2012
8076,14011299025,2012
8080,14011299026,2012
8084,14011299027,2012
8088,14011299028,2012
8092,14011299029,2012
8096,14011299030,2012
8100,14011299031,2012
8104,14011299032,2012
8108,14011299033,2012
8112,14011299034,2012
8116,14011299035,2012
8120,14011299037,2012
8124,14011299038,2012
8128,14011299040,2012
8132,14011299043,2012
8136,14011299044,2012
8140,14011299046,2012
8144,14011299049,2012
8148,14011299051,2012
8152,14011299054,2012
8156,14011299057,2012
8160,14011299059,2012
8164,14011299060,2012
8168,14011299062,2012
8172,14011299064,2012
8176,14011299066,2012
8180,14011299067,2012
8184,14011299068,2012
8188,14011299071,2012
8192,14011299074,2012
8196,14011299076,2012
8200,14011299078,2012
8204,14011299080,2012
8208,14011299082,2012
8212,14011299083,2012
8216,14011299085,2012
8220,14011299087,2012
8224,14011299088,2012
8228,14011299090,2012
8232,14011299091,2012
8236,14011299093,2012
8240,14011299095,2012
8244,14011299097,2012
8248,14011299099,2012
8252,14011299101,2012
8256,14011299103,2012
8260,14011299104,2012
8264,14011299105,2012
8268,14011299106,2012
8272,14011299110,2012
8276,14011299111,2012
8280,14011299112,2012
8284,14011299113,2012
8288,14011299115,2012
8292,14011299116,2012
8296,14011299118,2012
8300,14011299119,2012
8304,14011299121,2012
8308,14011299122,2012
8312,14011299124,2012
8316,14011299125,2012
8320,14011299127,2012
8324,14011299128,2012
8328,14011299129,2012
8332,14011299130,2012
8336,14011299133,2012
8340,14011299134,2012
8344,14011299136,2012
8348,14011299138,2012
8352,14011299139,2012
8356,14011299141,2012
8360,14011299143,2012
8364,14011299146,2012
8368,14011299148,2012
8372,14011299150,2012
8376,14011299152,2012
8380,14011299154,2012
8384,14011299156,2012
8388,14011299160,2012
8392,14011299161,2012
8396,14011299164,2012
8400,14011299166,2012
8404,14011299168,2012
8408,14011299169,2012
8412,14011299172,2012
8416,14011299173,2012
8420,14011299174,2012
8424,14011299176,2012
8428,14011299178,2012
8432,14011299180,2012
8436,14011299182,2012
8440,14011299191,2012
8444,14011299193,2012
8448,14011299195,2012
8452,14011299197,2012
8456,14011299203,2012
8460,14011299205,2012
8464,14011299207,2012
8468,14011299210,2012
8472,14011299212,2012
8476,14011299214,2012
8480,14011299215,2012
8484,14011299218,2012
8488,14011299219,2012
8492,14011299220,2012
8496,14011197810,2012
8500,14011197868,2012
8504,14011197869,2012
8508,14011197814,2012
8512,14011198504,2012
8516,14011197876,2012
8520,14011197877,2012
8524,14011198445,2012
8528,14011198510,2012
8532,14011197830,2012
8536,14011198397,2012
8540,14011198378,2012
8544,14011198537,2012
8548,14011198396,2012
8552,14011198450,2012
8556,14011198387,2012
8560,14011197841,2012
8564,14011198493,2012
8568,14011198407,2012
8572,14011197848,2012
8576,14011197856,2012
8580,14011198375,2012
8584,14011198456,2012
8588,14011197859,2012
8592,14011197881,2012
8596,14011198374,2012
8600,14011198413,2012
8604,14011198451,2012
8608,14011197886,2012
8612,14011198529,2012
8616,14011198379,2012
8620,14011198399,2012
8624,14011198531,2012
8628,14011198476,2012
8632,14011198534,2012
8636,14011198449,2012
8640,14011197918,2012
8644,14011197920,2012
8648,14011197921,2012
8652,14011197922,2012
8656,14011197889,2012
8660,14011197890,2012
8664,14011198418,2012
8668,14011197893,2012
8672,14011198533,2012
8676,14011198483,2012
8680,14011197908,2012
8684,14011197911,2012
8688,14011197913,2012
8692,14011197914,2012
8696,14011197923,2012
8700,14011197925,2012
8704,14011197927,2012
8708,14011197930,2012
8712,14011198501,2012
8716,14011198484,2012
8720,14011197936,2012
8724,14011198503,2012
8728,14011197939,2012
8732,14011197940,2012
8736,14011198521,2012
8740,14011198490,2012
8744,14011198492,2012
8748,14011197947,2012
8752,14011198480,2012
8756,14011198497,2012
8760,14011197953,2012
8764,14011198439,2012
8768,14011198411,2012
8772,14011197959,2012
8776,14011197960,2012
8780,14011197961,2012
8784,14011198427,2012
8788,14011197964,2012
8792,14011197965,2012
8796,14011197966,2012
8800,14011197969,2012
8804,14011197970,2012
8808,14011197972,2012
8812,14011197974,2012
8816,14011197976,2012
8820,14011197977,2012
8824,14011197979,2012
8828,14011197981,2012
8832,14011197983,2012
8836,14011197985,2012
8840,14011198528,2012
8844,14011197987,2012
8848,14011197989,2012
8852,14011198474,2012
8856,14011197992,2012
8860,14011197993,2012
8864,14011198525,2012
8868,14011198381,2012
8872,14011197999,2012
8876,14011198472,2012
8880,14011198437,2012
8884,14011198005,2012
8888,14011198466,2012
8892,14011198007,2012
8896,14011198008,2012
8900,14011198010,2012
8904,14011198012,2012
8908,14011198014,2012
8912,14011198016,2012
8916,14011198502,2012
8920,14011198511,2012
8924,14011198448,2012
8928,14011198023,2012
8932,14011198025,2012
8936,14011198385,2012
8940,14011198029,2012
8944,14011198031,2012
8948,14011198033,2012
8952,14011198430,2012
8956,14011198036,2012
8960,14011198038,2012
8964,14011198039,2012
8968,14011198040,2012
8972,14011198041,2012
8976,14011198043,2012
8980,14011198391,2012
8984,14011198401,2012
8988,14011198383,2012
8992,14011198441,2012
8996,14011198052,2012
9000,14011198053,2012
9004,14011198440,2012
9008,14011198475,2012
9012,14011198057,2012
9016,14011198461,2012
9020,14011198468,2012
9024,14011198063,2012
9028,14011198065,2012
9032,14011198067,2012
9036,14011198409,2012
9040,14011198069,2012
9044,14011198422,2012
9048,14011198423,2012
9052,14011198082,2012
9056,14011198084,2012
9060,14011198444,2012
9064,14011198518,2012
9068,14011198087,2012
9072,14011198517,2012
9076,14011198442,2012
9080,14011198424,2012
9084,14011198091,2012
9088,14011198488,2012
9092,14011198522,2012
9096,14011198096,2012
9100,14011198098,2012
9104,14011198102,2012
9108,14011198101,2012
9112,14011198103,2012
9116,14011198104,2012
9120,14011198402,2012
9124,14011198106,2012
9128,14011198107,2012
9132,14011198109,2012
9136,14011198516,2012
9140,14011198112,2012
9144,14011198113,2012
9148,14011198114,2012
9152,14011198070,2012
9156,14011198072,2012
9160,14011198415,2012
9164,14011198076,2012
9168,14011198487,2012
9172,14011198115,2012
9176,14011198116,2012
9180,14011198505,2012
9184,14011198120,2012
9188,14011198121,2012
9192,14011198454,2012
9196,14011198125,2012
9200,14011198419,2012
9204,14011198523,2012
9208,14011198131,2012
9212,14011198133,2012
9216,14011198135,2012
9220,14011198136,2012
9224,14011198138,2012
9228,14011198139,2012
9232,14011198141,2012
9236,14011198143,2012
9240,14011198145,2012
9244,14011198146,2012
9248,14011198148,2012
9252,14011198149,2012
9256,14011198150,2012
9260,14011198152,2012
9264,14011198153,2012
9268,14011198155,2012
9272,14011198412,2012
9276,14011198159,2012
9280,14011198388,2012
9284,14011198590,2012
9288,14011198585,2012
9292,14011198417,2012
9296,14011198463,2012
9300,14011198166,2012
9304,14011198479,2012
9308,14011198410,2012
9312,14011198443,2012
9316,14011198514,2012
9320,14011198174,2012
9324,14011198176,2012
9328,14011198178,2012
9332,14011198179,2012
9336,14011198180,2012
9340,14011198182,2012
9344,14011198183,2012
9348,14011198185,2012
9352,14011198499,2012
9356,14011198498,2012
9360,14011198491,2012
9364,14011198192,2012
9368,14011198193,2012
9372,14011198194,2012
9376,14011198196,2012
9380,14011198486,2012
9384,14011198198,2012
9388,14011198200,2012
9392,14011198202,2012
9396,14011198204,2012
9400,14011198392,2012
9404,14011198376,2012
9408,14011198425,2012
9412,14011198408,2012
9416,14011198447,2012
9420,14011198515,2012
9424,14011198214,2012
9428,14011198215,2012
9432,14011198216,2012
9436,14011198217,2012
9440,14011198507,2012
9444,14011198460,2012
9448,14011198384,2012
9452,14011198457,2012
9456,14011198462,2012
9460,14011198453,2012
9464,14011198478,2012
9468,14011198464,2012
9472,14011198459,2012
9476,14011198495,2012
9480,14011198237,2012
9484,14011198238,2012
9488,14011198535,2012
9492,14011198242,2012
9496,14011198530,2012
9500,14011198536,2012
9504,14011198247,2012
9508,14011198539,2012
9512,14011198540,2012
9516,14011198538,2012
9520,14011198254,2012
9524,14011198256,2012
9528,14011198258,2012
9532,14011198259,2012
9536,14011198260,2012
9540,14011198262,2012
9544,14011198263,2012
9548,14011198265,2012
9552,14011198266,2012
9556,14011198267,2012
9560,14011198269,2012
9564,14011198271,2012
9568,14011198273,2012
9572,14011198404,2012
9576,14011198276,2012
9580,14011198278,2012
9584,14011198279,2012
9588,14011198280,2012
9592,14011198282,2012
9596,14011198284,2012
9600,14011198286,2012
9604,14011198288,2012
9608,14011198291,2012
9612,14011198292,2012
9616,14011198293,2012
9620,14011198294,2012
9624,14011198295,2012
9628,14011198500,2012
9632,14011198471,2012
9636,14011198473,2012
9640,14011198467,2012
9644,14011298791,2012
9648,14011198382,2012
9652,14011198506,2012
9656,14011198436,2012
9660,14011198312,2012
9664,14011298792,2012
9668,14011198414,2012
9672,14011198429,2012
9676,14011198377,2012
9680,14011198319,2012
9684,14011198426,2012
9688,14011198389,2012
9692,14011198428,2012
9696,14011198393,2012
9700,14011198325,2012
9704,14011198526,2012
9708,14011198328,2012
9712,14011198386,2012
9716,14011198398,2012
9720,14011198494,2012
9724,14011198334,2012
9728,14011198335,2012
9732,14011198380,2012
9736,14011198339,2012
9740,14011198406,2012
9744,14011198477,2012
9748,14011198485,2012
9752,14011198405,2012
9756,14011198512,2012
9760,14011198446,2012
9764,14011198400,2012
9768,14011198351,2012
9772,14011198438,2012
9776,14011198434,2012
9780,14011198508,2012
9784,14011198357,2012
9788,14011198452,2012
9792,14011198524,2012
9796,14011198455,2012
9800,14011198496,2012
9804,14011198458,2012
9808,14011198364,2012
9812,14011198365,2012
9816,14011198367,2012
9820,14011198470,2012
9824,14011198390,2012
9828,14011198371,2012
9832,14011198373,2012
9836,14011198545,2012
9840,14011198546,2012
9844,14011198547,2012
9848,14011198550,2012
9852,14011198553,2012
9856,14011198556,2012
9860,14011198557,2012
9864,14011198558,2012
9868,14011198560,2012
9872,14011198564,2012
9876,14011198566,2012
9880,14011198568,2012
9884,14011198570,2012
9888,14011198582,2012
9892,14011198573,2012
9896,14011198581,2012
9900,14011198575,2012
9904,14011198576,2012
9908,14011198577,2012
9912,14011198578,2012
9916,14011198580,2012
9920,14011299199,2012
9924,14011198583,2012
9928,14011198587,2012
9932,14011198588,2012
9936,14011198589,2012
9940,14011298793,2012
9944,14011198593,2012
9948,14011198595,2012
9952,14011198597,2012
9956,14011198600,2012
9960,14011198602,2012
9964,14011198604,2012
9968,14011198606,2012
9972,14011198608,2012
9976,14011198610,2012
9980,14011298794,2012
9984,14011298795,2012
9988,14011298796,2012
9992,14011298798,2012
9996,14011298800,2012
10000,14011298851,2012
10004,14011298852,2012
10008,14011298853,2012
10012,14011298855,2012
10016,14011299200,2012
10020,14011298857,2012
10024,14011298858,2012
10028,14011298861,2012
10032,14011298862,2012
10036,14011299202,2012
10040,14011298864,2012
10044,14011298866,2012
10048,14011298868,2012
10052,14011298869,2012
10056,14011298870,2012
10060,14011298871,2012
10064,14011298872,2012
10068,14011298873,2012
10072,14011298875,2012
10076,14011298876,2012
10080,14011298877,2012
10084,14011298879,2012
10088,14011298880,2012
10092,14011298881,2012
10096,14011298882,
10100,14010796567,2011
10104,14010796569,2011
10108,14011097068,2011
10112,14011097501,2011
10116,14011097517,2011
10120,14011097074,2011
10124,14011097617,2011
10128,14011097080,2011
10132,14011097082,2011
10136,14011198520,2011
10140,14011097286,2011
10144,14011097288,2011
10148,14011097290,2011
10152,14011097292,2011
10156,14011097528,2011
10160,14010796586,2011
10164,14010796588,2011
10168,14010796589,2011
10172,14011097084,2011
10176,14011097086,2011
10180,14010796593,2011
10184,14010796594,2011
10188,14010796595,2011
10192,14011097504,2011
10196,14011097514,2011
10200,14010796598,2011
10204,14011097092,2011
10208,14011097096,2011
10212,14011097098,2011
10216,14011097397,2011
10220,14010796604,2011
10224,14010796606,2011
10228,14010796607,2011
10232,14011097509,2011
10236,14011097102,2011
10240,14010796612,2011
10244,14010796614,2011
10248,14011097507,2011
10252,14011097482,2011
10256,14011097502,2011
10260,14010796615,2011
10264,14010796618,2011
10268,14010796619,2011
10272,14011097110,2011
10276,14011097112,2011
10280,14011097296,2011
10284,14011097479,2011
10288,14011097300,2011
10292,14011198431,2011
10296,14011097489,2011
10300,14010796628,2011
10304,14011097114,2011
10308,14011198541,2011
10312,14011097118,2011
10316,14011097480,2011
10320,14010796640,2011
10324,14011097122,2011
10328,14011097124,2011
10332,14011097126,2011
10336,14010796643,2011
10340,14010796644,2011
10344,14010796647,2011
10348,14011097128,2011
10352,14011097130,2011
10356,14010796651,2011
10360,14011097132,2011
10364,14011097134,2011
10368,14011097136,2011
10372,14011097138,2011
10376,14010796657,2011
10380,14011097140,2011
10384,14011097142,2011
10388,14011097144,2011
10392,14011097146,2011
10396,14010796666,2011
10400,14011097496,2011
10404,14011097150,2011
10408,14011097152,2011
10412,14011097154,2011
10416,14010796669,2011
10420,14010796670,2011
10424,14010796671,2011
10428,14010796672,2011
10432,14011097156,2011
10436,14010796674,2011
10440,14011097163,2011
10444,14011097313,2011
10448,14011097527,2011
10452,14011097486,2011
10456,14011097308,2011
10460,14011097310,2011
10464,14011097312,2011
10468,14011097315,2011
10472,14011097317,2011
10476,14010796689,2011
10480,14010896693,2011
10484,14010896694,2011
10488,14011097485,2011
10492,14011097167,2011
10496,14010896695,2011
10500,14010896696,2011
10504,14010896698,2011
10508,14011097169,2011
10512,14010896700,2011
10516,14010896701,2011
10520,14010896702,2011
10524,14010896703,2011
10528,14010896704,2011
10532,14010896707,2011
10536,14010896709,2011
10540,14011097171,2011
10544,14011097173,2011
10548,14011097490,2011
10552,14011097633,2011
10556,14010896711,2011
10560,14010896714,2011
10564,14010896715,2011
10568,14010896716,2011
10572,14010896717,2011
10576,14010896719,2011
10580,14011097177,2011
10584,14010896720,2011
10588,14010896721,2011
10592,14010896722,2011
10596,14010896723,2011
10600,14010896724,2011
10604,14011197861,2011
10608,14010896727,2011
10612,14010896729,2011
10616,14010896730,2011
10620,14011097179,2011
10624,14010896731,2011
10628,14010896733,2011
10632,14010896734,2011
10636,14010896735,2011
10640,14010896737,2011
10644,14010896738,2011
10648,14010896739,2011
10652,14011097181,2011
10656,14011097609,2011
10660,14010896742,2011
10664,14010896743,2011
10668,14010896744,2011
10672,14010896746,2011
10676,14011097185,2011
10680,14010896747,2011
10684,14010896750,2011
10688,14010896751,2011
10692,14011097187,2011
10696,14011097189,2011
10700,14010896753,2011
10704,14010896755,2011
10708,14010896757,2011
10712,14010896758,2011
10716,14010896759,2011
10720,14010896760,2011
10724,14010896761,2011
10728,14010896762,2011
10732,14010896763,2011
10736,14010896764,2011
10740,14010896765,2011
10744,14010896766,2011
10748,14010896768,2011
10752,14010896769,2011
10756,14010896770,2011
10760,14010896771,2011
10764,14010896772,2011
10768,14010896773,2011
10772,14010896777,2011
10776,14010896780,2011
10780,14010896781,2011
10784,14010896782,2011
10788,14010896785,2011
10792,14010896786,2011
10796,14011097191,2011
10800,14011198465,2011
10804,14010896787,2011
10808,14010896788,2011
10812,14010896790,2011
10816,14010896791,2011
10820,14011097193,2011
10824,14010896794,2011
10828,14010896796,2011
10832,14011097195,2011
10836,14010896797,2011
10840,14010896798,2011
10844,14010896799,2011
10848,14010896802,2011
10852,14010896803,2011
10856,14010896806,2011
10860,14011097197,2011
10864,14010896807,2011
10868,14010896809,2011
10872,14010896813,2011
10876,14010896814,2011
10880,14010896817,2011
10884,14011097199,2011
10888,14010896818,2011
10892,14010896819,2011
10896,14010896820,2011
10900,14010896821,2011
10904,14010896822,2011
10908,14010896824,2011
10912,14010896825,2011
10916,14010896826,2011
10920,14011097201,2011
10924,14010896830,2011
10928,14010896831,2011
10932,14010896833,2011
10936,14010896834,2011
10940,14010896835,2011
10944,14010896836,2011
10948,14010896837,2011
10952,14010896838,2011
10956,14010896839,2011
10960,14010896840,2011
10964,14010896841,2011
10968,14010896843,2011
10972,14010896847,2011
10976,14010896849,2011
10980,14010896850,2011
10984,14010896851,2011
10988,14010896852,2011
10992,14010896855,2011
10996,14010896857,2011
11000,14011097203,2011
11004,14010896858,2011
11008,14010896859,2011
11012,14010896860,2011
11016,14010896862,2011
11020,14011097205,2011
11024,14011097207,2011
11028,14010996865,2011
11032,14010996866,2011
11036,14010996867,2011
11040,14010996868,2011
11044,14010996869,2011
11048,14010996870,2011
11052,14010996871,2011
11056,14011097488,2011
11060,14010996873,2011
11064,14010996874,2011
11068,14010996875,2011
11072,14010996876,2011
11076,14010996877,2011
11080,14010996878,2011
11084,14010996879,2011
11088,14010996881,2011
11092,14010996883,2011
11096,14010996884,2011
11100,14010996885,2011
11104,14010996886,2011
11108,14010996887,2011
11112,14010996889,2011
11116,14010996890,2011
11120,14010996891,2011
11124,14010996892,2011
11128,14010996893,2011
11132,14010996894,2011
11136,14011198403,2011
11140,14010996896,2011
11144,14011097492,2011
11148,14010996898,2011
11152,14010996899,2011
11156,14010996900,2011
11160,14010996901,2011
11164,14010996902,2011
11168,14010996903,2011
11172,14010996904,2011
11176,14010996905,2011
11180,14010996906,2011
11184,14010996907,2011
11188,14010996909,2011
11192,14010996910,2011
11196,14010996911,2011
11200,14010996912,2011
11204,14010996913,2011
11208,14010996914,2011
11212,14010996916,2011
11216,14010996917,2011
11220,14010996918,2011
11224,14011197863,2011
11228,14010996919,2011
11232,14010996920,2011
11236,14010996921,2011
11240,14010996922,2011
11244,14010996923,2011
11248,14010996924,2011
11252,14010996925,2011
11256,14010996926,2011
11260,14010996927,2011
11264,14010996928,2011
11268,14010996929,2011
11272,14010996930,2011
11276,14010996931,2011
11280,14010996932,2011
11284,14010996933,2011
11288,14010996934,2011
11292,14010996935,2011
11296,14010996936,2011
11300,14010996937,2011
11304,14010996939,2011
11308,14010996940,2011
11312,14011097506,2011
11316,14010996942,2011
11320,14010996943,2011
11324,14010996944,2011
11328,14010996945,2011
11332,14010996946,2011
11336,14010996947,2011
11340,14010996948,2011
11344,14010996949,2011
11348,14010996950,2011
11352,14010996951,2011
11356,14010996952,2011
11360,14010996953,2011
11364,14010996954,2011
11368,14010996955,2011
11372,14010996956,2011
11376,14011198519,2011
11380,14010996958,2011
11384,14010996959,2011
11388,14010996960,2011
11392,14010996961,2011
11396,14010996962,2011
11400,14010996963,2011
11404,14010996964,2011
11408,14010996965,2011
11412,14010996966,2011
11416,14010996967,2011
11420,14010996968,2011
11424,14010996969,2011
11428,14010996970,2011
11432,14010996971,2011
11436,14010996973,2011
11440,14010996974,2011
11444,14010996975,2011
11448,14010996976,2011
11452,14010996978,2011
11456,14010996979,2011
11460,14010996980,2011
11464,14010996981,2011
11468,14010996982,2011
11472,14010996983,2011
11476,14010996984,2011
11480,14010996985,2011
11484,14010996986,2011
11488,14010996987,2011
11492,14010996988,2011
11496,14010996989,2011
11500,14010996990,2011
11504,14010996991,2011
11508,14010996992,2011
11512,14010996993,2011
11516,14010996994,2011
11520,14010996995,2011
11524,14010996996,2011
11528,14010996997,2011
11532,14010996999,2011
11536,14010997000,2011
11540,14010997001,2011
11544,14010996998,2011
11548,14010997002,2011
11552,14010997003,2011
11556,14010997004,2011
11560,14010997006,2011
11564,14010997007,2011
11568,14010997008,2011
11572,14010997009,2011
11576,14010997010,2011
11580,14010997011,2011
11584,14010997012,2011
11588,14010997013,2011
11592,14010997014,2011
11596,14010997015,2011
11600,14010997016,2011
11604,14010997018,2011
11608,14010997020,2011
11612,14010997021,2011
11616,14010997022,2011
11620,14010997023,2011
11624,14010997024,2011
11628,14010997025,2011
11632,14010997027,2011
11636,14010997028,2011
11640,14010997029,2011
11644,14010997026,2011
11648,14010997030,2011
11652,14010997031,2011
11656,14010997034,2011
11660,14010997035,2011
11664,14010997032,2011
11668,14010997036,2011
11672,14010997037,2011
11676,14010997038,2011
11680,14010997039,2011
11684,14010997043,2011
11688,14010997044,2011
11692,14010997045,2011
11696,14010997046,2011
11700,14010997047,2011
11704,14010997048,2011
11708,14010997053,2011
11712,14011097209,2011
11716,14010997059,2011
11720,14010997060,2011
11724,14010997062,2011
11728,14010997065,2011
11732,14011097211,2011
11736,14010696401,2011
11740,14010696402,2011
11744,14011097213,2011
11748,14011197795,2011
11752,14011097215,2011
11756,14010696434,2011
11760,14010696437,2011
11764,14011097217,2011
11768,14011097484,2011
11772,14011097222,2011
11776,14010696447,2011
11780,14010696449,2011
11784,14010696450,2011
11788,14011097224,2011
11792,14011097226,2011
11796,14010696456,2011
11800,14010696459,2011
11804,14011097228,2011
11808,14011097230,2011
11812,14011097487,2011
11816,14010696474,2011
11820,14011097234,2011
11824,14011097236,2011
11828,14011097238,2011
11832,14011097483,2011
11836,14010696481,2011
11840,14010696484,2011
11844,14010696492,2011
11848,14010696498,2011
11852,14011097242,2011
11856,14010696505,2011
11860,14010696518,2011
11864,14011097495,2011
11868,14011097246,2011
11872,14011097248,2011
11876,14010696529,2011
11880,14011097250,2011
11884,14011097252,2011
11888,14011097254,2011
11892,14011097256,2011
11896,14010696540,2011
11900,14010796545,2011
11904,14010796547,2011
11908,14011097258,2011
11912,14011097260,2011
11916,14010796551,2011
11920,14010796554,2011
11924,14011097262,2011
11928,14011097789,2011
11932,14010796560,2011
11936,14011097264,2011
11940,14011097266,2011
11944,14011097268,2011
11948,14011097270,2011
11952,14011097320,2011
11956,14011097322,2011
11960,14011097323,2011
11964,14011097324,2011
11968,14011097610,2011
11972,14011097326,2011
11976,14011097328,2011
11980,14011097330,2011
11984,14011097332,2011
11988,14011097334,2011
11992,14011097342,2011
11996,14011097337,2011
12000,14011097339,2011
12004,14011097341,2011
12008,14011097344,2011
12012,14011097345,2011
12016,14011097348,2011
12020,14011097349,2011
12024,14011097350,2011
12028,14011097352,2011
12032,14011097611,2011
12036,14011097354,2011
12040,14011097357,2011
12044,14011097359,2011
12048,14011097503,2011
12052,14011097505,2011
12056,14011097614,2011
12060,14011097500,2011
12064,14011097363,2011
12068,14011097499,2011
12072,14011097365,2011
12076,14011097366,2011
12080,14011097367,2011
12084,14011097368,2011
12088,14011097369,2011
12092,14011097370,2011
12096,14011097372,2011
12100,14011097373,2011
12104,14011097375,2011
12108,14011097377,2011
12112,14011097379,2011
12116,14011097380,2011
12120,14011097382,2011
12124,14011097383,2011
12128,14011097384,2011
12132,14011097385,2011
12136,14011097387,2011
12140,14011097389,2011
12144,14011097390,2011
12148,14011097497,2011
12152,14011097393,2011
12156,14011097498,2011
12160,14011097396,2011
12164,14011097399,2011
12168,14011097400,2011
12172,14011097401,2011
12176,14011097402,2011
12180,14011097404,2011
12184,14011097405,2011
12188,14011097407,2011
12192,14011097409,2011
12196,14011097411,2011
12200,14011097413,2011
12204,14011097415,2011
12208,14011097416,2011
12212,14011097418,2011
12216,14011097419,2011
12220,14011097420,2011
12224,14011097421,2011
12228,14011097422,2011
12232,14011097423,2011
12236,14011097425,2011
12240,14011097427,2011
12244,14011097429,2011
12248,14011097431,2011
12252,14011097433,2011
12256,14011097434,2011
12260,14011097436,2011
12264,14011097438,2011
12268,14011097510,2011
12272,14011097513,2011
12276,14011097441,2011
12280,14011097516,2011
12284,14011097443,2011
12288,14011097512,2011
12292,14011097515,2011
12296,14011097448,2011
12300,14011097449,2011
12304,14011097543,2011
12308,14011097508,2011
12312,14011097451,2011
12316,14011097452,2011
12320,14011097454,2011
12324,14011097455,2011
12328,14011097456,2011
12332,14011097458,2011
12336,14011097460,2011
12340,14011097462,2011
12344,14011097463,2011
12348,14011097464,2011
12352,14011097465,2011
12356,14011097466,2011
12360,14011097468,2011
12364,14011097469,2011
12368,14011097471,2011
12372,14011097473,2011
12376,14011097477,2011
12380,14011097478,2011
12384,14011097518,2011
12388,14011097519,2011
12392,14011097520,2011
12396,14011097615,2011
12400,14011097522,2011
12404,14011097524,2011
12408,14011097529,2011
12412,14011097530,2011
12416,14011097531,2011
12420,14011097533,2011
12424,14011097534,2011
12428,14011097535,2011
12432,14011097537,2011
12436,14011097538,2011
12440,14011097539,2011
12444,14011097542,2011
12448,14011097544,2011
12452,14011097546,2011
12456,14011097547,2011
12460,14011097549,2011
12464,14011097551,2011
12468,14011097553,2011
12472,14011097554,2011
12476,14011097555,2011
12480,14011097557,2011
12484,14011097559,2011
12488,14011097560,2011
12492,14011097562,2011
12496,14011097564,2011
12500,14011198432,2011
12504,14011097567,2011
12508,14011097569,2011
12512,14011097571,2011
12516,14011097572,2011
12520,14011097573,2011
12524,14011097575,2011
12528,14011097576,2011
12532,14011097577,2011
12536,14011097578,2011
12540,14011097613,2011
12544,14011097581,2011
12548,14011097582,2011
12552,14011097584,2011
12556,14011097585,2011
12560,14011097587,2011
12564,14011097588,2011
12568,14011198542,2011
12572,14011097590,2011
12576,14011097591,2011
12580,14011097593,2011
12584,14011097595,2011
12588,14011097597,2011
12592,14011097599,2011
12596,14011097601,2011
12600,14011097602,2011
12604,14011097604,2011
12608,14011097605,2011
12612,14011097606,2011
12616,14011097607,2011
12620,14011097616,2011
12624,14011097623,2011
12628,14011097622,2011
12632,14011097627,2011
12636,14011097629,2011
12640,14011097632,2011
12644,14011097631,2011
12648,14011097634,2011
12652,14011097635,2011
12656,14011198489,2011
12660,14011097638,2011
12664,14011097272,2011
12668,14011097274,2011
12672,14011097276,2011
12676,14011097278,2011
12680,14011097494,2011
12684,14011097493,2011
12688,14011097282,2011
12692,14011097284,2011
12696,14011097790,2011
12700,14011097639,2011
12704,14011097640,2011
12708,14011097641,2011
12712,14011097642,2011
12716,14011097658,2011
12720,14011097656,2011
12724,14011097660,2011
12728,14011097659,2011
12732,14011097657,2011
12736,14011097649,2011
12740,14011097651,2011
12744,14011097653,2011
12748,14011097655,2011
12752,14011097662,2011
12756,14011097664,2011
12760,14011097666,2011
12764,14011097669,2011
12768,14011097671,2011
12772,14011097673,2011
12776,14011097675,2011
12780,14011097677,2011
12784,14011097679,2011
12788,14011097681,2011
12792,14011097686,2011
12796,14011097685,2011
12800,14011097688,2011
12804,14011097690,2011
12808,14011097693,2011
12812,14011097695,2011
12816,14011097697,2011
12820,14011097699,2011
12824,14011097701,2011
12828,14011097705,2011
12832,14011097707,2011
12836,14011097709,2011
12840,14011097711,2011
12844,14011097713,2011
12848,14011097714,2011
12852,14011097716,2011
12856,14011097718,2011
12860,14011097720,2011
12864,14011097723,2011
12868,14011097725,2011
12872,14011097727,2011
12876,14011097729,2011
12880,14011097731,2011
12884,14011097733,2011
12888,14011097735,2011
12892,14011097737,2011
12896,14011097739,2011
12900,14011097741,2011
12904,14011097743,2011
12908,14011097745,2011
12912,14011097747,2011
12916,14011097749,2011
12920,14011097751,2011
12924,14011097753,2011
12928,14011097755,2011
12932,14011097757,2011
12936,14011097759,2011
12940,14011097761,2011
12944,14011097763,2011
12948,14011097765,2011
12952,14011097767,2011
12956,14011097769,2011
12960,14011097771,2011
12964,14011097773,2011
12968,14011097775,2011
12972,14011097777,2011
12976,14011097779,2011
12980,14011097781,2011
12984,14011097783,2011
12988,14011097785,2011
12992,14011097786,2011
12996,14011197796,2011
13000,14011197864,2011
13004,14011197798,2011
13008,14011198548,2011
13012,14011198394,2011
13016,14011198395,2011
13020,14011198416,2011
13024,14011198554,2011
13028,14011198509,2011
13032,14011197866,2011
13036,14011197804,2011
13040,14011198543,2011
13044,14011198544,2011
13048,14011198469,2011
13052,14011198420,2011
13056,14011197807,2011
13060,14011197808,2011
13064,14011198433,2011
13068,14011197816,2011
13072,14011197817,2011
13076,14011198435,2011
13080,14011197819,2011
13084,14011197820,2011
13088,14011198532,2011
13092,14011197872,2011
13096,14011197873,2011
13100,14011198481,2011
13104,14011198527,2011
13108,14011197810,2011
13112,14011197868,2011
13116,14011197869,2011
13120,14011197814,2011
13124,14011198504,2011
13128,14011197876,2011
13132,14011197877,2011
13136,14011198445,2011
13140,14011198510,2011
13144,14011197830,2011
13148,14011198397,2011
13152,14011198378,2011
13156,14011198537,2011
13160,14011198396,2011
13164,14011198450,2011
13168,14011198387,2011
13172,14011197841,2011
13176,14011198493,2011
13180,14011198407,2011
13184,14011197848,2011
13188,14011197856,2011
13192,14011198375,2011
13196,14011198456,2011
13200,14011197859,2011
13204,14011197881,2011
13208,14011198374,2011
13212,14011198413,2011
13216,14011198451,2011
13220,14011197886,2011
13224,14011198529,2011
13228,14011198379,2011
13232,14011198399,2011
13236,14011198531,2011
13240,14011198476,2011
13244,14011198534,2011
13248,14011198449,2011
13252,14011197918,2011
13256,14011197920,2011
13260,14011197921,2011
13264,14011197922,2011
13268,14011197889,2011
13272,14011197890,2011
13276,14011198418,2011
13280,14011197893,2011
13284,14011198533,2011
13288,14011198483,2011
13292,14011197908,2011
13296,14011197911,2011
13300,14011197913,2011
13304,14011197914,2011
13308,14011197923,2011
13312,14011197925,2011
13316,14011197927,2011
13320,14011197930,2011
13324,14011198501,2011
13328,14011198484,2011
13332,14011197936,2011
13336,14011198503,2011
13340,14011197939,2011
13344,14011197940,2011
13348,14011198521,2011
13352,14011198490,2011
13356,14011198492,2011
13360,14011197947,2011
13364,14011198480,2011
13368,14011198497,2011
13372,14011197953,2011
13376,14011198439,2011
13380,14011198411,2011
13384,14011197959,2011
13388,14011197960,2011
13392,14011197961,2011
13396,14011198427,2011
13400,14011197964,2011
13404,14011197965,2011
13408,14011197966,2011
13412,14011197969,2011
13416,14011197970,2011
13420,14011197972,2011
13424,14011197974,2011
13428,14011197976,2011
13432,14011197977,2011
13436,14011197979,2011
13440,14011197981,2011
13444,14011197983,2011
13448,14011197985,2011
13452,14011198528,2011
13456,14011197987,2011
13460,14011197989,2011
13464,14011198474,2011
13468,14011197992,2011
13472,14011197993,2011
13476,14011198525,2011
13480,14011198381,2011
13484,14011197999,2011
13488,14011198472,2011
13492,14011198437,2011
13496,14011198005,2011
13500,14011198466,2011
13504,14011198007,2011
13508,14011198008,2011
13512,14011198010,2011
13516,14011198012,2011
13520,14011198014,2011
13524,14011198016,2011
13528,14011198502,2011
13532,14011198511,2011
13536,14011198448,2011
13540,14011198023,2011
13544,14011198025,2011
13548,14011198385,2011
13552,14011198029,2011
13556,14011198031,2011
13560,14011198033,2011
13564,14011198430,2011
13568,14011198036,2011
13572,14011198038,2011
13576,14011198039,2011
13580,14011198040,2011
13584,14011198041,2011
13588,14011198043,2011
13592,14011198391,2011
13596,14011198401,2011
13600,14011198383,2011
13604,14011198441,2011
13608,14011198052,2011
13612,14011198053,2011
13616,14011198440,2011
13620,14011198475,2011
13624,14011198057,2011
13628,14011198461,2011
13632,14011198468,2011
13636,14011198063,2011
13640,14011198065,2011
13644,14011198067,2011
13648,14011198409,2011
13652,14011198069,2011
13656,14011198422,2011
13660,14011198423,2011
13664,14011198082,2011
13668,14011198084,2011
13672,14011198444,2011
13676,14011198518,2011
13680,14011198087,2011
13684,14011198517,2011
13688,14011198442,2011
13692,14011198424,2011
13696,14011198091,2011
13700,14011198488,2011
13704,14011198522,2011
13708,14011198096,2011
13712,14011198098,2011
13716,14011198102,2011
13720,14011198101,2011
13724,14011198103,2011
13728,14011198104,2011
13732,14011198402,2011
13736,14011198106,2011
13740,14011198107,2011
13744,14011198109,2011
13748,14011198516,2011
13752,14011198112,2011
13756,14011198113,2011
13760,14011198114,2011
13764,14011198070,2011
13768,14011198072,2011
13772,14011198415,2011
13776,14011198076,2011
13780,14011198487,2011
13784,14011198115,2011
13788,14011198116,2011
13792,14011198505,2011
13796,14011198120,2011
13800,14011198121,2011
13804,14011198454,2011
13808,14011198125,2011
13812,14011198419,2011
13816,14011198523,2011
13820,14011198131,2011
13824,14011198133,2011
13828,14011198135,2011
13832,14011198136,2011
13836,14011198138,2011
13840,14011198139,2011
13844,14011198141,2011
13848,14011198143,2011
13852,14011198145,2011
13856,14011198146,2011
13860,14011198148,2011
13864,14011198149,2011
13868,14011198150,2011
13872,14011198152,2011
13876,14011198153,2011
13880,14011198155,2011
13884,14011198412,2011
13888,14011198159,2011
13892,14011198388,2011
13896,14011198590,2011
13900,14011198585,2011
13904,14011198417,2011
13908,14011198463,2011
13912,14011198166,2011
13916,14011198479,2011
13920,14011198410,2011
13924,14011198443,2011
13928,14011198514,2011
13932,14011198174,2011
13936,14011198176,2011
13940,14011198178,2011
13944,14011198179,2011
13948,14011198180,2011
13952,14011198182,2011
13956,14011198183,2011
13960,14011198185,2011
13964,14011198499,2011
13968,14011198498,2011
13972,14011198491,2011
13976,14011198192,2011
13980,14011198193,2011
13984,14011198194,2011
13988,14011198196,2011
13992,14011198486,2011
13996,14011198198,2011
14000,14011198200,2011
14004,14011198202,2011
14008,14011198204,2011
14012,14011198392,2011
14016,14011198376,2011
14020,14011198425,2011
14024,14011198408,2011
14028,14011198447,2011
14032,14011198515,2011
14036,14011198214,2011
14040,14011198215,2011
14044,14011198216,2011
14048,14011198217,2011
14052,14011198507,2011
14056,14011198460,2011
14060,14011198384,2011
14064,14011198457,2011
14068,14011198462,2011
14072,14011198453,2011
14076,14011198478,2011
14080,14011198464,2011
14084,14011198459,2011
14088,14011198495,2011
14092,14011198237,2011
14096,14011198238,2011
14100,14011198535,2011
14104,14011198242,2011
14108,14011198530,2011
14112,14011198536,2011
14116,14011198247,2011
14120,14011198539,2011
14124,14011198540,2011
14128,14011198538,2011
14132,14011198254,2011
14136,14011198256,2011
14140,14011198258,2011
14144,14011198259,2011
14148,14011198260,2011
14152,14011198262,2011
14156,14011198263,2011
14160,14011198265,2011
14164,14011198266,2011
14168,14011198267,2011
14172,14011198269,2011
14176,14011198271,2011
14180,14011198273,2011
14184,14011198404,2011
14188,14011198276,2011
14192,14011198278,2011
14196,14011198279,2011
14200,14011198280,2011
14204,14011198282,2011
14208,14011198284,2011
14212,14011198286,2011
14216,14011198288,2011
14220,14011198291,2011
14224,14011198292,2011
14228,14011198293,2011
14232,14011198294,2011
14236,14011198295,2011
14240,14011198297,2011
14244,14011198500,2011
14248,14011198471,2011
14252,14011198473,2011
14256,14011198467,2011
14260,14011198382,2011
14264,14011198506,2011
14268,14011198436,2011
14272,14011198312,2011
14276,14011198414,2011
14280,14011198429,2011
14284,14011198377,2011
14288,14011198319,2011
14292,14011198426,2011
14296,14011198389,2011
14300,14011198428,2011
14304,14011198393,2011
14308,14011198325,2011
14312,14011198526,2011
14316,14011198328,2011
14320,14011198386,2011
14324,14011198398,2011
14328,14011198494,2011
14332,14011198334,2011
14336,14011198335,2011
14340,14011198380,2011
14344,14011198339,2011
14348,14011198406,2011
14352,14011198477,2011
14356,14011198485,2011
14360,14011198405,2011
14364,14011198512,2011
14368,14011198446,2011
14372,14011198400,2011
14376,14011198351,2011
14380,14011198438,2011
14384,14011198434,2011
14388,14011198508,2011
14392,14011198357,2011
14396,14011198452,2011
14400,14011198524,2011
14404,14011198455,2011
14408,14011198496,2011
14412,14011198458,2011
14416,14011198364,2011
14420,14011198365,2011
14424,14011198367,2011
14428,14011198470,2011
14432,14011198390,2011
14436,14011198371,2011
14440,14011198373,2011
14444,14011198545,2011
14448,14011198546,2011
14452,14011198547,2011
14456,14011198550,2011
14460,14011198553,2011
14464,14011198556,2011
14468,14011198557,2011
14472,14011198558,2011
14476,14011198560,2011
14480,14011198564,2011
14484,14011198566,2011
14488,14011198568,2011
14492,14011198570,2011
14496,14011198582,2011
14500,14011198573,2011
14504,14011198581,2011
14508,14011198575,2011
14512,14011198576,2011
14516,14011198577,2011
14520,14011198578,2011
14524,14011198580,2011
14528,14011198583,2011
14532,14011198587,
14536,14010796567,2010
14540,14010796569,2010
14544,14011097068,2010
14548,14011097501,2010
14552,14011097517,2010
14556,14010796575,2010
14560,14011097074,2010
14564,14011097617,2010
14568,14011097080,2010
14572,14011097082,2010
14576,14011097286,2010
14580,14011097288,2010
14584,14011097290,2010
14588,14011097292,2010
14592,14011097528,2010
14596,14010796586,2010
14600,14010796588,2010
14604,14010796589,2010
14608,14011097084,2010
14612,14011097086,2010
14616,14010796593,2010
14620,14010796594,2010
14624,14010796595,2010
14628,14011097504,2010
14632,14011097514,2010
14636,14010796598,2010
14640,14011097092,2010
14644,14011097096,2010
14648,14011097098,2010
14652,14011097397,2010
14656,14010796604,2010
14660,14010796606,2010
14664,14010796607,2010
14668,14011097509,2010
14672,14011097102,2010
14676,14010796612,2010
14680,14010796614,2010
14684,14011097507,2010
14688,14011097482,2010
14692,14011097502,2010
14696,14010796615,2010
14700,14010796618,2010
14704,14010796619,2010
14708,14011097110,2010
14712,14011097112,2010
14716,14011097296,2010
14720,14011097479,2010
14724,14011097300,2010
14728,14011097302,2010
14732,14011097489,2010
14736,14010796628,2010
14740,14011097114,2010
14744,14011097481,2010
14748,14011097118,2010
14752,14011097480,2010
14756,14010796640,2010
14760,14011097122,2010
14764,14011097124,2010
14768,14011097126,2010
14772,14010796643,2010
14776,14010796644,2010
14780,14010796647,2010
14784,14011097128,2010
14788,14011097130,2010
14792,14010796651,2010
14796,14011097132,2010
14800,14011097134,2010
14804,14011097136,2010
14808,14011097138,2010
14812,14010796657,2010
14816,14011097140,2010
14820,14011097142,2010
14824,14011097144,2010
14828,14011097146,2010
14832,14010796666,2010
14836,14011097496,2010
14840,14011097150,2010
14844,14011097152,2010
14848,14011097154,2010
14852,14010796669,2010
14856,14010796670,2010
14860,14010796671,2010
14864,14010796672,2010
14868,14011097156,2010
14872,14010796674,2010
14876,14011097163,2010
14880,14011097313,2010
14884,14011097527,2010
14888,14011097486,2010
14892,14011097308,2010
14896,14011097310,2010
14900,14011097312,2010
14904,14011097315,2010
14908,14011097317,2010
14912,14010796689,2010
14916,14010896693,2010
14920,14010896694,2010
14924,14011097485,2010
14928,14011097167,2010
14932,14010896695,2010
14936,14010896696,2010
14940,14010896698,2010
14944,14011097169,2010
14948,14010896700,2010
14952,14010896701,2010
14956,14010896702,2010
14960,14010896703,2010
14964,14010896704,2010
14968,14010896707,2010
14972,14010896709,2010
14976,14011097171,2010
14980,14011097173,2010
14984,14011097490,2010
14988,14011097633,2010
14992,14010896711,2010
14996,14010896714,2010
15000,14010896715,2010
15004,14010896716,2010
15008,14010896717,2010
15012,14010896719,2010
15016,14011097177,2010
15020,14010896720,2010
15024,14010896721,2010
15028,14010896722,2010
15032,14010896723,2010
15036,14010896724,2010
15040,14010896725,2010
15044,14010896727,2010
15048,14010896729,2010
15052,14010896730,2010
15056,14011097179,2010
15060,14010896731,2010
15064,14010896733,2010
15068,14010896734,2010
15072,14010896735,2010
15076,14010896737,2010
15080,14010896738,2010
15084,14010896739,2010
15088,14011097181,2010
15092,14011097609,2010
15096,14010896742,2010
15100,14010896743,2010
15104,14010896744,2010
15108,14010896746,2010
15112,14011097185,2010
15116,14010896747,2010
15120,14010896750,2010
15124,14010896751,2010
15128,14011097187,2010
15132,14011097189,2010
15136,14010896753,2010
15140,14010896755,2010
15144,14010896757,2010
15148,14010896758,2010
15152,14010896759,2010
15156,14010896760,2010
15160,14010896761,2010
15164,14010896762,2010
15168,14010896763,2010
15172,14010896764,2010
15176,14010896765,2010
15180,14010896766,2010
15184,14010896768,2010
15188,14010896769,2010
15192,14010896770,2010
15196,14010896771,2010
15200,14010896772,2010
15204,14010896773,2010
15208,14010896777,2010
15212,14010896779,2010
15216,14010896780,2010
15220,14010896781,2010
15224,14010896782,2010
15228,14010896783,2010
15232,14010896785,2010
15236,14010896786,2010
15240,14011097191,2010
15244,14010896787,2010
15248,14010896788,2010
15252,14010896790,2010
15256,14010896791,2010
15260,14011097193,2010
15264,14010896794,2010
15268,14010896796,2010
15272,14011097195,2010
15276,14010896797,2010
15280,14010896798,2010
15284,14010896799,2010
15288,14010896802,2010
15292,14010896803,2010
15296,14010896806,2010
15300,14011097197,2010
15304,14010896807,2010
15308,14010896809,2010
15312,14010896813,2010
15316,14010896814,2010
15320,14010896817,2010
15324,14011097199,2010
15328,14010896818,2010
15332,14010896819,2010
15336,14010896820,2010
15340,14010896821,2010
15344,14010896822,2010
15348,14010896824,2010
15352,14010896825,2010
15356,14010896826,2010
15360,14011097201,2010
15364,14010896830,2010
15368,14010896831,2010
15372,14010896833,2010
15376,14010896834,2010
15380,14010896835,2010
15384,14010896836,2010
15388,14010896837,2010
15392,14010896838,2010
15396,14010896839,2010
15400,14010896840,2010
15404,14010896841,2010
15408,14010896843,2010
15412,14010896847,2010
15416,14010896849,2010
15420,14010896850,2010
15424,14010896851,2010
15428,14010896852,2010
15432,14010896855,2010
15436,14010896857,2010
15440,14011097203,2010
15444,14010896858,2010
15448,14010896859,2010
15452,14010896860,2010
15456,14010896862,2010
15460,14011097205,2010
15464,14011097207,2010
15468,14010996865,2010
15472,14010996866,2010
15476,14010996867,2010
15480,14010996868,2010
15484,14010996869,2010
15488,14010996870,2010
15492,14010996871,2010
15496,14011097488,2010
15500,14010996873,2010
15504,14010996874,2010
15508,14010996875,2010
15512,14010996876,2010
15516,14010996877,2010
15520,14010996878,2010
15524,14010996879,2010
15528,14010996881,2010
15532,14010996883,2010
15536,14010996884,2010
15540,14010996885,2010
15544,14010996886,2010
15548,14010996887,2010
15552,14010996889,2010
15556,14010996890,2010
15560,14010996891,2010
15564,14010996892,2010
15568,14010996893,2010
15572,14010996894,2010
15576,14010996895,2010
15580,14010996896,2010
15584,14011097492,2010
15588,14010996898,2010
15592,14010996899,2010
15596,14010996900,2010
15600,14010996901,2010
15604,14010996902,2010
15608,14010996903,2010
15612,14010996904,2010
15616,14010996905,2010
15620,14010996906,2010
15624,14010996907,2010
15628,14010996909,2010
15632,14010996910,2010
15636,14010996911,2010
15640,14010996912,2010
15644,14010996913,2010
15648,14010996914,2010
15652,14010996915,2010
15656,14010996916,2010
15660,14010996917,2010
15664,14010996918,2010
15668,14010996919,2010
15672,14010996920,2010
15676,14010996921,2010
15680,14010996922,2010
15684,14010996923,2010
15688,14010996924,2010
15692,14010996925,2010
15696,14010996926,2010
15700,14010996927,2010
15704,14010996928,2010
15708,14010996929,2010
15712,14010996930,2010
15716,14010996931,2010
15720,14010996932,2010
15724,14010996933,2010
15728,14010996934,2010
15732,14010996935,2010
15736,14010996936,2010
15740,14010996937,2010
15744,14010996939,2010
15748,14010996940,2010
15752,14011097506,2010
15756,14010996942,2010
15760,14010996943,2010
15764,14010996944,2010
15768,14010996945,2010
15772,14010996946,2010
15776,14010996947,2010
15780,14010996948,2010
15784,14010996949,2010
15788,14010996950,2010
15792,14010996951,2010
15796,14010996952,2010
15800,14010996953,2010
15804,14010996954,2010
15808,14010996955,2010
15812,14010996956,2010
15816,14010996957,2010
15820,14010996958,2010
15824,14010996959,2010
15828,14010996960,2010
15832,14010996961,2010
15836,14010996962,2010
15840,14010996963,2010
15844,14010996964,2010
15848,14010996965,2010
15852,14010996966,2010
15856,14010996967,2010
15860,14010996968,2010
15864,14010996969,2010
15868,14010996970,2010
15872,14010996971,2010
15876,14010996973,2010
15880,14010996974,2010
15884,14010996975,2010
15888,14010996976,2010
15892,14010996978,2010
15896,14010996979,2010
15900,14010996980,2010
15904,14010996981,2010
15908,14010996982,2010
15912,14010996983,2010
15916,14010996984,2010
15920,14010996985,2010
15924,14010996986,2010
15928,14010996987,2010
15932,14010996988,2010
15936,14010996989,2010
15940,14010996990,2010
15944,14010996991,2010
15948,14010996992,2010
15952,14010996993,2010
15956,14010996994,2010
15960,14010996995,2010
15964,14010996996,2010
15968,14010996997,2010
15972,14010996998,2010
15976,14010996999,2010
15980,14010997000,2010
15984,14010997001,2010
15988,14010997002,2010
15992,14010997003,2010
15996,14010997004,2010
16000,14010997006,2010
16004,14010997007,2010
16008,14010997008,2010
16012,14010997009,2010
16016,14010997010,2010
16020,14010997011,2010
16024,14010997012,2010
16028,14010997013,2010
16032,14010997014,2010
16036,14010997015,2010
16040,14010997016,2010
16044,14010997018,2010
16048,14010997020,2010
16052,14010997021,2010
16056,14010997022,2010
16060,14010997023,2010
16064,14010997024,2010
16068,14010997025,2010
16072,14010997026,2010
16076,14010997027,2010
16080,14010997028,2010
16084,14010997029,2010
16088,14010997030,2010
16092,14010997031,2010
16096,14010997032,2010
16100,14010997034,2010
16104,14010997035,2010
16108,14010997036,2010
16112,14010997037,2010
16116,14010997038,2010
16120,14010997039,2010
16124,14010997043,2010
16128,14010997044,2010
16132,14010997045,2010
16136,14010997046,2010
16140,14010997047,2010
16144,14010997048,2010
16148,14010997053,2010
16152,14011097209,2010
16156,14010997059,2010
16160,14010997060,2010
16164,14010997062,2010
16168,14010997065,2010
16172,14011097211,2010
16176,14010696401,2010
16180,14010696402,2010
16184,14010696403,2010
16188,14011097213,2010
16192,14011097215,2010
16196,14010696434,2010
16200,14010696437,2010
16204,14011097217,2010
16208,14011097484,2010
16212,14011097222,2010
16216,14010696447,2010
16220,14010696449,2010
16224,14010696450,2010
16228,14011097224,2010
16232,14011097226,2010
16236,14010696456,2010
16240,14010696459,2010
16244,14011097228,2010
16248,14011097230,2010
16252,14011097487,2010
16256,14010696474,2010
16260,14011097234,2010
16264,14011097236,2010
16268,14011097238,2010
16272,14011097483,2010
16276,14010696481,2010
16280,14010696484,2010
16284,14010696492,2010
16288,14010696498,2010
16292,14011097242,2010
16296,14010696505,2010
16300,14010696518,2010
16304,14011097495,2010
16308,14011097246,2010
16312,14011097248,2010
16316,14010696529,2010
16320,14011097250,2010
16324,14011097252,2010
16328,14011097254,2010
16332,14011097256,2010
16336,14010696540,2010
16340,14010796545,2010
16344,14010796547,2010
16348,14011097258,2010
16352,14011097260,2010
16356,14010796551,2010
16360,14010796554,2010
16364,14011097262,2010
16368,14011097789,2010
16372,14010796560,2010
16376,14011097264,2010
16380,14011097266,2010
16384,14011097268,2010
16388,14011097270,2010
16392,14011097320,2010
16396,14011097322,2010
16400,14011097323,2010
16404,14011097324,2010
16408,14011097610,2010
16412,14011097326,2010
16416,14011097328,2010
16420,14011097330,2010
16424,14011097332,2010
16428,14011097334,2010
16432,14011097342,2010
16436,14011097337,2010
16440,14011097339,2010
16444,14011097341,2010
16448,14011097344,2010
16452,14011097345,2010
16456,14011097348,2010
16460,14011097349,2010
16464,14011097350,2010
16468,14011097352,2010
16472,14011097611,2010
16476,14011097354,2010
16480,14011097357,2010
16484,14011097359,2010
16488,14011097503,2010
16492,14011097505,2010
16496,14011097614,2010
16500,14011097500,2010
16504,14011097363,2010
16508,14011097499,2010
16512,14011097365,2010
16516,14011097366,2010
16520,14011097367,2010
16524,14011097368,2010
16528,14011097369,2010
16532,14011097370,2010
16536,14011097372,2010
16540,14011097373,2010
16544,14011097375,2010
16548,14011097377,2010
16552,14011097379,2010
16556,14011097380,2010
16560,14011097382,2010
16564,14011097383,2010
16568,14011097384,2010
16572,14011097385,2010
16576,14011097387,2010
16580,14011097389,2010
16584,14011097390,2010
16588,14011097497,2010
16592,14011097393,2010
16596,14011097498,2010
16600,14011097396,2010
16604,14011097399,2010
16608,14011097400,2010
16612,14011097401,2010
16616,14011097402,2010
16620,14011097404,2010
16624,14011097405,2010
16628,14011097407,2010
16632,14011097409,2010
16636,14011097411,2010
16640,14011097413,2010
16644,14011097415,2010
16648,14011097416,2010
16652,14011097418,2010
16656,14011097419,2010
16660,14011097420,2010
16664,14011097421,2010
16668,14011097422,2010
16672,14011097423,2010
16676,14011097425,2010
16680,14011097427,2010
16684,14011097429,2010
16688,14011097431,2010
16692,14011097433,2010
16696,14011097434,2010
16700,14011097436,2010
16704,14011097438,2010
16708,14011097510,2010
16712,14011097513,2010
16716,14011097441,2010
16720,14011097516,2010
16724,14011097443,2010
16728,14011097512,2010
16732,14011097515,2010
16736,14011097448,2010
16740,14011097449,2010
16744,14011097543,2010
16748,14011097508,2010
16752,14011097451,2010
16756,14011097452,2010
16760,14011097454,2010
16764,14011097455,2010
16768,14011097456,2010
16772,14011097458,2010
16776,14011097460,2010
16780,14011097462,2010
16784,14011097463,2010
16788,14011097464,2010
16792,14011097465,2010
16796,14011097466,2010
16800,14011097468,2010
16804,14011097469,2010
16808,14011097471,2010
16812,14011097473,2010
16816,14011097477,2010
16820,14011097478,2010
16824,14011097518,2010
16828,14011097519,2010
16832,14011097520,2010
16836,14011097615,2010
16840,14011097522,2010
16844,14011097524,2010
16848,14011097529,2010
16852,14011097530,2010
16856,14011097531,2010
16860,14011097533,2010
16864,14011097534,2010
16868,14011097535,2010
16872,14011097537,2010
16876,14011097538,2010
16880,14011097539,2010
16884,14011097542,2010
16888,14011097544,2010
16892,14011097546,2010
16896,14011097547,2010
16900,14011097549,2010
16904,14011097551,2010
16908,14011097553,2010
16912,14011097554,2010
16916,14011097555,2010
16920,14011097557,2010
16924,14011097559,2010
16928,14011097560,2010
16932,14011097562,2010
16936,14011097564,2010
16940,14011097565,2010
16944,14011097567,2010
16948,14011097569,2010
16952,14011097571,2010
16956,14011097572,2010
16960,14011097573,2010
16964,14011097575,2010
16968,14011097576,2010
16972,14011097577,2010
16976,14011097578,2010
16980,14011097613,2010
16984,14011097581,2010
16988,14011097582,2010
16992,14011097584,2010
16996,14011097585,2010
17000,14011097587,2010
17004,14011097588,2010
17008,14011097589,2010
17012,14011097590,2010
17016,14011097591,2010
17020,14011097593,2010
17024,14011097595,2010
17028,14011097597,2010
17032,14011097599,2010
17036,14011097601,2010
17040,14011097602,2010
17044,14011097604,2010
17048,14011097605,2010
17052,14011097606,2010
17056,14011097607,2010
17060,14011097616,2010
17064,14011097623,2010
17068,14011097622,2010
17072,14011097627,2010
17076,14011097629,2010
17080,14011097632,2010
17084,14011097631,2010
17088,14011097634,2010
17092,14011097635,2010
17096,14011097636,2010
17100,14011097638,2010
17104,14011097272,2010
17108,14011097274,2010
17112,14011097276,2010
17116,14011097278,2010
17120,14011097494,2010
17124,14011097493,2010
17128,14011097282,2010
17132,14011097284,2010
17136,14011097790,2010
17140,14011097639,2010
17144,14011097640,2010
17148,14011097641,2010
17152,14011097642,2010
17156,14011097658,2010
17160,14011097656,2010
17164,14011097660,2010
17168,14011097659,2010
17172,14011097657,2010
17176,14011097649,2010
17180,14011097651,2010
17184,14011097653,2010
17188,14011097655,2010
17192,14011097662,2010
17196,14011097664,2010
17200,14011097666,2010
17204,14011097669,2010
17208,14011097671,2010
17212,14011097673,2010
17216,14011097675,2010
17220,14011097677,2010
17224,14011097679,2010
17228,14011097681,2010
17232,14011097686,2010
17236,14011097685,2010
17240,14011097688,2010
17244,14011097690,2010
17248,14011097693,2010
17252,14011097695,2010
17256,14011097697,2010
17260,14011097699,2010
17264,14011097701,2010
17268,14011097705,2010
17272,14011097707,2010
17276,14011097709,2010
17280,14011097711,2010
17284,14011097713,2010
17288,14011097714,2010
17292,14011097716,2010
17296,14011097718,2010
17300,14011097720,2010
17304,14011097723,2010
17308,14011097725,2010
17312,14011097727,2010
17316,14011097729,2010
17320,14011097731,2010
17324,14011097733,2010
17328,14011097735,2010
17332,14011097737,2010
17336,14011097739,2010
17340,14011097741,2010
17344,14011097743,2010
17348,14011097745,2010
17352,14011097747,2010
17356,14011097749,2010
17360,14011097751,2010
17364,14011097753,2010
17368,14011097755,2010
17372,14011097757,2010
17376,14011097759,2010
17380,14011097761,2010
17384,14011097763,2010
17388,14011097765,2010
17392,14011097767,2010
17396,14011097769,2010
17400,14011097771,2010
17404,14011097773,2010
17408,14011097775,2010
17412,14011097777,2010
17416,14011097779,2010
17420,14011097781,2010
17424,14011097783,2010
