N_Ins,Ref_Cours,examen,TD,TP,Moy_Module,scholar_year
14010696401,ALGO,,,,0.0,2010
14010696401,Algo2,,,,0.0,2010
14010696450,Algo2,,,,0.0,2010
14010696456,ALGO,,,,0.0,2010
14010696456,Algo2,,,,0.0,2010
14010696474,ALGO,,,,1.5,2010
14010696474,Algo2,6,3,3.33,4.59,2010
14010796606,ALGO,,,,0.0,2010
14010796606,Algo2,,,,0.0,2010
14010696484,Algo2,,,,0.0,2010
14010696492,ALGO,6,5.25,7.5,6.19,2010
14010696492,Algo2,6,6.67,5.33,6.0,2010
14010696529,Algo2,6,3,4,4.75,2010
14010796547,ALGO,10,12.25,13,11.32,2010
14010796551,ALGO,,,,0.0,2010
14010796551,Algo2,,,,0.0,2010
14010896731,ALGO,3,6.5,10.5,10.25,2010
14010896731,Algo2,4,9.25,7.33,6.65,2010
14010796589,ALGO,,,,0.0,2010
14010796589,Algo2,,,,0.0,2010
14010796593,ALGO,,,,0.0,2010
14010796593,Algo2,,,,0.0,2010
14010896757,ALGO,,,,0.0,2010
14010796595,ALGO,,,,0.0,2010
14010896757,Algo2,5,4,6.67,5.17,2010
14010796612,ALGO,,,,0.0,2010
14010796612,Algo2,,,,0.0,2010
14010796614,ALGO,9,8.75,9.5,9.07,2010
14010796614,Algo2,7,7,8,7.25,2010
14010796619,ALGO,,,,0.0,2010
14010796619,Algo2,,,,0.0,2010
14010896782,ALGO,3.5,9.5,12.5,7.25,2010
14010896782,Algo2,2,10.25,8.67,5.73,2010
14010796628,ALGO,,,,0.0,2010
14010796628,Algo2,,,,0.0,2010
14010896821,ALGO,7.25,10.75,10.5,8.94,2010
14010896821,Algo2,5,9.5,7.33,6.71,2010
14010796657,ALGO,,,,0.0,2010
14010796657,Algo2,,,,0.0,2010
14010796672,ALGO,4,3.5,6.5,6.0,2010
14010796672,Algo2,5,6,4.67,5.67,2010
14010896836,ALGO,3,7.75,10.5,6.07,2010
14010896836,Algo2,5,10.25,10,7.57,2010
14010796674,ALGO,2,6,7.5,5.88,2010
14010796674,Algo2,5,9,10,8.75,2010
14010896696,ALGO,,,,0.0,2010
14010896696,Algo2,,,,0.0,2010
14010996874,ALGO,2,9.5,13.5,11.75,2010
14010996874,Algo2,6,10,8,7.5,2010
14010996875,ALGO,1.25,10.25,12,8.07,2010
14010996875,Algo2,8,6.33,6.67,7.25,2010
14010996877,ALGO,16.75,13,15,15.38,2010
14010996877,Algo2,10,10.75,9.33,10.02,2010
14010996878,ALGO,20,18.5,18.75,19.32,2010
14010896709,ALGO,,,,0.0,2010
14010896709,Algo2,,,,0.0,2010
14010996878,Algo2,18,19.83,16.67,18.13,2010
14010896711,Algo2,,,,0.0,2010
14010996881,ALGO,,,,0.0,2010
14010996881,Algo2,,,,0.0,2010
14010996886,ALGO,9.5,9.25,14,10.57,2010
14010996886,Algo2,11,7.33,10.67,10.0,2010
14010996894,ALGO,10.5,9,13,10.75,2010
14010996894,Algo2,4,8,10.67,7.17,2010
14010996896,ALGO,6,7.5,12.5,9.0,2010
14010896722,Algo2,4,4.67,5.33,5.5,2010
14010996896,Algo2,3,6.67,6.67,4.84,2010
14010996901,ALGO,12,9.5,14,11.88,2010
14010996901,Algo2,10,10.67,9.33,10.0,2010
14010896724,ALGO,,,,0.0,2010
14010896724,Algo2,,,,0.0,2010
14010996902,ALGO,13.5,11.5,16,13.63,2010
14010996902,Algo2,13,12.33,9.33,11.92,2010
14010996903,ALGO,9.25,10,12,10.13,2010
14010896730,ALGO,,,,0.0,2010
14010896730,Algo2,,,,0.0,2010
14010996903,Algo2,8.75,11.92,10.67,10.03,2010
14010996912,ALGO,1,5.75,9.5,4.32,2010
14010996912,Algo2,4,4.67,6,4.67,2010
14010996914,ALGO,6,7.5,12.5,8.0,2010
14010996914,Algo2,3,4.33,5.33,4.42,2010
14010896744,ALGO,,,,0.0,2010
14010896744,Algo2,,,,0.0,2010
14010996921,ALGO,20,18,18.25,19.07,2010
14010896746,ALGO,,,,0.0,2010
14010896746,Algo2,,,,0.0,2010
14010996921,Algo2,19,20,18.67,19.17,2010
14010996923,ALGO,20,19,18,19.25,2010
14010996923,Algo2,19,17.17,18,18.3,2010
14010996929,ALGO,10.5,10.5,15,11.63,2010
14010996929,Algo2,11,8.33,12,10.59,2010
14010996932,ALGO,,,,0.0,2010
14010996932,Algo2,,,,0.0,2010
14010996934,ALGO,10,8.25,12,10.07,2010
14010996934,Algo2,10,9.33,10.67,10.0,2010
14010996939,ALGO,20,16.75,17,18.44,2010
14010896760,ALGO,,,,0.0,2010
14010896760,Algo2,,,,0.0,2010
14010996939,Algo2,15,19.67,14.67,16.09,2010
14010996940,ALGO,15.5,16.75,13,15.19,2010
14010996940,Algo2,15,16.5,16,15.63,2010
14010996948,ALGO,10.75,14,15.5,12.75,2010
14010996948,Algo2,8,12,12,10.0,2010
14010896769,ALGO,,,,0.0,2010
14010896769,Algo2,,,,0.0,2010
14010996950,ALGO,8.25,9.5,14,10.0,2010
14010996950,Algo2,8,13.33,10.67,10.0,2010
14010896772,ALGO,,,,0.0,2010
14010896772,Algo2,,,,0.0,2010
14010896773,ALGO,,,,0.0,2010
14010896773,Algo2,,,,0.0,2010
14010996952,ALGO,7.25,10.75,15,10.07,2010
14010996952,Algo2,10,8.67,11.33,10.0,2010
14010996953,ALGO,5,14,16,10.0,2010
14010996953,Algo2,4,8.67,11.33,7.0,2010
14010996954,ALGO,13,9.5,13,12.13,2010
14010996954,Algo2,10,10,10,10.0,2010
14010996955,ALGO,,,,0.0,2010
14010996955,Algo2,,,,0.0,2010
14010996963,ALGO,9,10,15,10.75,2010
14010996963,Algo2,12,10.75,9.33,11.02,2010
14010996967,ALGO,5.5,10,11.5,10.38,2010
14010996967,Algo2,10,10.69,9.33,10.01,2010
14010896790,ALGO,5,7.25,12,7.32,2010
14010896790,Algo2,7,7.67,8.67,7.59,2010
14010996971,ALGO,9.75,10,16,11.38,2010
14010996971,Algo2,7,14.38,11.67,10.02,2010
14010996973,ALGO,,0.75,6,1.69,2010
14010996973,Algo2,,,,0.0,2010
14010996975,ALGO,7,9,13.5,9.13,2010
14010996975,Algo2,11,6.67,11.33,10.0,2010
14010896797,ALGO,7,10.75,9,8.44,2010
14010896797,Algo2,2,9.33,6.67,8.5,2010
14010996980,ALGO,18.5,16.5,17,17.63,2010
14010896799,ALGO,6,7.75,0,5.94,2010
14010896799,Algo2,5,4.67,1.33,5.5,2010
14010996980,Algo2,13,17,8,12.75,2010
14010996982,ALGO,10.5,16.5,15,13.13,2010
14010996982,Algo2,4,12.75,10,7.69,2010
14010996983,ALGO,4.25,8.5,11.5,7.13,2010
14010996983,Algo2,5,9.25,8,6.82,2010
14010996984,ALGO,8.75,9.5,14,10.25,2010
14010896809,ALGO,,,,0.0,2010
14010996984,Algo2,4,11.25,10,7.32,2010
14010896809,Algo2,,,,0.0,2010
14010896813,Algo2,3,0,0.67,1.67,2010
14010997045,ALGO,7,6.5,9,7.38,2010
14010997045,Algo2,0.5,8.25,3.33,5.4,2010
14010997059,ALGO,,,,0.0,2010
14010997059,Algo2,,,,0.0,2010
14010896857,ALGO,6,8.5,10.5,7.75,2010
14010896857,Algo2,0,2,4,5.0,2010
14011097786,ALGO,14,7.63,11.5,11.79,2010
14011097786,Algo2,13,7.58,9.33,10.73,2010
14010696401,ALGO,,,,0.0,2011
14010696401,Algo2,,,,0.0,2011
14010696450,Algo2,,,,0.0,2011
14010696456,ALGO,,,,0.0,2011
14010696456,Algo2,,,,0.0,2011
14010696474,ALGO,,,,0.0,2011
14010796606,ALGO,,,,0.0,2011
14010796606,Algo2,,,,0.0,2011
14010696484,Algo2,,,,0.0,2011
14010696492,ALGO,,5.25,7.5,3.19,2011
14010696492,Algo2,,6.67,5.33,3.0,2011
14011097315,ALGO,16,13.8,15.6,15.35,2011
14011097315,Algo2,19.5,18,16,18.25,2011
14010696529,Algo2,,3,4,3.75,2011
14010796551,ALGO,,,,0.0,2011
14010796551,Algo2,,,,0.0,2011
14011097494,ALGO,17,11.4,16.4,15.45,2011
14011097323,ALGO,11,12.4,10,11.1,2011
14011097323,Algo2,11,7.69,10.4,10.03,2011
14010796589,ALGO,,,,0.0,2011
14010796589,Algo2,,,,0.0,2011
14010796593,ALGO,,,,0.0,2011
14010796593,Algo2,,,,0.0,2011
14010896757,ALGO,7,12.8,14,10.2,2011
14010796595,ALGO,,,,0.0,2011
14010896757,Algo2,16,10.25,12,13.57,2011
14011097339,ALGO,12,8,12.4,11.1,2011
14011097339,Algo2,14,11.56,12.8,13.09,2011
14010796612,ALGO,,,,0.0,2011
14010796612,Algo2,,,,0.0,2011
14010796619,ALGO,,,,0.0,2011
14010796619,Algo2,,,,0.0,2011
14011097330,ALGO,8,8.5,11.6,9.03,2011
14010796628,ALGO,,,,0.0,2011
14010796628,Algo2,,,,0.0,2011
14011097330,Algo2,9,9.33,12.8,10.04,2011
14010896821,ALGO,9,13.9,14.4,11.58,2011
14010896821,Algo2,14,12.98,11.2,13.05,2011
14011097354,ALGO,11,15.9,13.2,12.78,2011
14011097615,ALGO,8,9.5,11.6,9.28,2011
14010796657,ALGO,,,,0.0,2011
14010796657,Algo2,,,,0.0,2011
14010796672,ALGO,,3.5,6.5,2.5,2011
14010896836,ALGO,9,13,12,10.75,2011
14011097354,Algo2,10,9.56,12,10.39,2011
14011097615,Algo2,7,9.93,8.8,9.19,2011
14010896696,ALGO,,,,0.0,2011
14010896696,Algo2,,,,0.0,2011
14011097363,ALGO,13,14.9,11.6,13.13,2011
14011097363,Algo2,14,12.8,13.6,13.6,2011
14010996875,ALGO,9,11,12,10.25,2011
14010996875,Algo2,11,11.41,12.8,11.56,2011
14010896709,ALGO,,,,0.0,2011
14010896709,Algo2,,,,0.0,2011
14010896711,Algo2,,,,0.0,2011
14010996881,ALGO,,,,0.0,2011
14010996881,Algo2,,,,0.0,2011
14010996892,ALGO,12,10.2,14.4,12.15,2011
14010896722,Algo2,7,8.6,10,8.15,2011
14010996899,ALGO,9,13.1,13.2,11.08,2011
14010896724,ALGO,,,,0.0,2011
14010896724,Algo2,,,,0.0,2011
14011097368,ALGO,6,8.1,12,9.03,2011
14011097368,Algo2,9.5,9.51,11.6,10.03,2011
14011097505,ALGO,13,10.7,11.6,12.08,2011
14010896730,ALGO,,,,0.0,2011
14010896730,Algo2,,,,0.0,2011
14010996905,ALGO,12,9.8,11.6,11.35,2011
14010996912,ALGO,7,2.4,10.8,6.8,2011
14010996912,Algo2,8,4.09,8.8,7.23,2011
14011097502,ALGO,11,13.5,13.6,12.28,2011
14011097505,Algo2,11,5.76,12.4,10.04,2011
14011097506,ALGO,9.18,9.1,7,8.62,2011
14010896744,ALGO,,,,0.0,2011
14010896744,Algo2,,,,0.0,2011
14010896746,ALGO,,,,0.0,2011
14010896746,Algo2,,,,0.0,2011
14010996932,ALGO,,,,0.0,2011
14010996932,Algo2,,,,0.0,2011
14010996947,ALGO,10,13.9,11.2,11.28,2011
14010896760,ALGO,,,,0.0,2011
14010896760,Algo2,,,,0.0,2011
14010996947,Algo2,9,5.56,10.8,10.59,2011
14010996943,ALGO,,,,0.0,2011
14010996943,Algo2,,,,0.0,2011
14010896769,ALGO,8,2.8,13.6,8.1,2011
14010896769,Algo2,16,6.06,12.8,12.72,2011
14010896772,ALGO,,,,0.0,2011
14010896772,Algo2,,,,0.0,2011
14010896773,ALGO,,,,0.0,2011
14010896773,Algo2,,,,0.0,2011
14010996955,ALGO,,,,0.0,2011
14011097372,ALGO,15,11.7,12.8,13.63,2011
14011097372,Algo2,13,9.63,12.4,12.01,2011
14010996955,Algo2,,,,0.0,2011
14010996973,ALGO,,0.75,6,1.69,2011
14010996973,Algo2,,,,0.0,2011
14010996978,ALGO,4,8.3,11.6,6.98,2011
14011097377,ALGO,10,14.1,12.4,11.63,2011
14011097377,Algo2,13,9.4,11.2,11.65,2011
14010896809,ALGO,,,,0.0,2011
14010896809,Algo2,,,,0.0,2011
14010896813,Algo2,,0,0.67,0.17,2011
14010997045,ALGO,5,7.7,10.4,7.53,2011
14010997045,Algo2,8,6.49,10.4,8.23,2011
14010997059,ALGO,,,,0.0,2011
14010997059,Algo2,,,,0.0,2011
14011097502,Algo2,10,12.75,13.6,11.59,2011
14011097518,ALGO,12,14.9,14.4,13.33,2011
14011097617,ALGO,13,14,14,13.5,2011
14011097617,Algo2,13,7.16,12.4,11.39,2011
14011097400,ALGO,14,13.4,13.2,13.65,2011
14011097400,Algo2,15,13.43,14,14.36,2011
14011097401,ALGO,10,13.3,15.2,12.13,2011
14011097102,ALGO,8,10.2,11.2,9.35,2011
14011097102,Algo2,15,6.03,12,12.01,2011
14011097110,ALGO,12,11.3,12.4,11.93,2011
14011097401,Algo2,14,13.41,13.2,13.66,2011
14010996865,ALGO,,,,0.0,2011
14010996865,Algo2,,,,0.0,2011
14011097110,Algo2,15.5,9.82,10.5,12.83,2011
14011097112,ALGO,,,,0.0,2011
14011097482,ALGO,8,12.9,12.4,10.33,2011
14011097112,Algo2,,,,0.0,2011
14011097122,ALGO,9,8.5,13.6,10.03,2011
14011097122,Algo2,17,10.38,13.6,14.5,2011
14011097482,Algo2,5,12.28,12.8,10.27,2011
14011097130,ALGO,14,17.3,16,15.33,2011
14011097130,Algo2,17,12.65,13.6,15.07,2011
14010996892,Algo2,11,11.93,11.6,11.39,2011
14011097152,ALGO,7,7,10,8.25,2011
14010996899,Algo2,11,11.2,11.5,11.18,2011
14011097152,Algo2,9,4.98,9.4,8.1,2011
14010996905,Algo2,15,11.2,12,13.3,2011
14011097185,ALGO,12,10.8,13.6,12.1,2011
14011097185,Algo2,12,11,11.2,11.55,2011
14011097193,ALGO,11,15.6,13.2,12.7,2011
14011097496,ALGO,6,9.1,12,8.28,2011
14011097496,Algo2,8,8.16,10.8,10.24,2011
14011097193,Algo2,16,9.29,13.6,13.73,2011
14011097195,ALGO,6,7.2,12.8,10.25,2011
14011097195,Algo2,4,6.72,11.5,10.06,2011
14011097402,ALGO,10.08,9.5,10.8,10.12,2011
14011097527,ALGO,6,8.4,12,8.1,2011
14011097527,Algo2,8,4.22,10,7.56,2011
14011097506,Algo2,12,5.99,10.8,10.2,2011
14010996970,ALGO,11,15.3,11.2,12.13,2011
14011097230,ALGO,,,,0.0,2011
14011097230,Algo2,,,,0.0,2011
14010996970,Algo2,12,7.38,11.2,10.65,2011
14011097242,ALGO,10,13.2,13.2,11.6,2011
14011097402,Algo2,11,12.89,12,11.73,2011
14011097242,Algo2,16,13.43,13.6,14.76,2011
14011097248,ALGO,16,15.8,15.6,15.85,2011
14011097248,Algo2,18,14.93,14.4,16.34,2011
14011097250,ALGO,17,14.6,13.2,15.45,2011
14011097250,Algo2,19,13.83,13.6,16.36,2011
14010996978,Algo2,4,6.4,8.8,5.8,2011
14011097256,ALGO,13,11.6,15.2,13.2,2011
14011097256,Algo2,13,13.05,14.4,13.37,2011
14011097484,ALGO,6,5.2,10.4,10.9,2011
14011097484,Algo2,8,5.49,9.2,10.05,2011
14011097486,ALGO,13,11.2,12.4,12.4,2011
14011097266,ALGO,7,13,9.6,9.15,2011
14011097266,Algo2,15,8.33,9.4,11.94,2011
14011097284,ALGO,,,,0.0,2011
14011097284,Algo2,,,,0.0,2011
14011097286,ALGO,10,14.9,9.6,11.13,2011
14011097286,Algo2,11,8.51,11.2,10.43,2011
14011097290,ALGO,10,3.7,12.4,9.03,2011
14011097420,ALGO,10,11.7,14,11.43,2011
14011097420,Algo2,11,7.91,13.6,10.88,2011
14011097422,ALGO,12,11,15.2,12.55,2011
14011097422,Algo2,14,13.81,12.8,13.66,2011
14011097436,ALGO,5,9.2,11.6,12.2,2011
14011097436,Algo2,9,5.29,11.2,12.63,2011
14011097441,ALGO,15,18.1,16,16.03,2011
14011097441,Algo2,19,13.18,13.6,16.2,2011
14011097448,ALGO,8,16.2,13.2,11.35,2011
14011097448,Algo2,15,11.38,11.2,13.15,2011
14011097456,ALGO,7,6.6,11.2,8.45,2011
14011097518,Algo2,13,7.3,12,11.33,2011
14011097543,ALGO,4,9.5,14.4,10.48,2011
14011097543,Algo2,11,6.36,13.6,10.49,2011
14011097456,Algo2,7,6.27,10.8,7.77,2011
14011097458,ALGO,11,11.6,12.8,11.6,2011
14011097290,Algo2,5,2.24,11.5,7.44,2011
14011097292,ALGO,8,10,14.4,10.1,2011
14011097292,Algo2,11,10.14,13.2,11.34,2011
14011097300,ALGO,9,9.6,9.6,9.3,2011
14011097300,Algo2,9,5.22,9.9,8.28,2011
14011097458,Algo2,13,6.93,10.8,10.94,2011
14011097462,ALGO,12,11.4,15.2,12.65,2011
14011097462,Algo2,13,10.77,12,12.2,2011
14011097465,ALGO,10,8.3,13.2,10.38,2011
14011097465,Algo2,14,9.23,13.2,12.61,2011
14011097471,ALGO,10,11.5,15.2,11.68,2011
14011097471,Algo2,9,3.07,12,8.27,2011
14011097473,ALGO,4,10.9,12.8,7.93,2011
14011097473,Algo2,12,5.29,10.8,10.03,2011
14011097486,Algo2,19,16.56,11,16.39,2011
14011097593,ALGO,7,10,11.2,8.8,2011
14011097593,Algo2,5,7.2,10.8,7.0,2011
14011097599,ALGO,6,6.2,10,8.05,2011
14011097599,Algo2,7,8.22,13.75,10.0,2011
14011097606,ALGO,5,9.4,12,7.85,2011
14011097606,Algo2,9,5.24,9.2,8.11,2011
14011097616,ALGO,4,2,0.8,2.7,2011
14011097616,Algo2,9,0,0.8,4.7,2011
14011097629,ALGO,10,12.4,12.4,11.2,2011
14011097629,Algo2,10,12,12.8,11.2,2011
14011097631,ALGO,12,11.6,12.8,12.1,2011
14011097631,Algo2,13,10.78,12.8,12.4,2011
14011097632,ALGO,8,10.1,11.2,9.33,2011
14011097632,Algo2,11,10.98,12.8,11.45,2011
14011097494,Algo2,18,13.85,16.3,16.54,2011
14011097524,ALGO,,,,0.0,2011
14011097524,Algo2,,,,0.0,2011
14011097530,ALGO,,,,0.0,2011
14011097530,Algo2,,,,0.0,2011
14011097531,ALGO,7,10.7,13.6,9.58,2011
14011097531,Algo2,4,9,11.2,7.05,2011
14011097534,ALGO,10,13.3,13.6,11.73,2011
14011097534,Algo2,11.5,6.86,11.2,10.27,2011
14011097546,ALGO,14,17.2,14.4,14.9,2011
14011097546,Algo2,15,10.24,12.8,13.26,2011
14011097549,ALGO,5,6.1,12.4,8.13,2011
14011097549,Algo2,12,7.42,10,10.36,2011
14011097551,ALGO,10,9,11.6,10.15,2011
14011097551,Algo2,14,2.62,10.4,10.26,2011
14011097564,ALGO,13,16.6,11.6,13.55,2011
14011097564,Algo2,14,8.12,10.8,11.73,2011
14011198610,Algo2,19.5,17.8,16.8,18.4,2011
14011198610,ALGO,13,13.6,17.2,14.2,2011
14010696492,ALGO,,5.25,7.5,3.19,2012
14010696492,Algo2,,6.67,5.33,3.0,2012
14011097609,ALGO,11,7.3,9.1,9.6,2012
14011097609,Algo2,5,8.2,8.3,6.63,2012
14010796672,ALGO,3,8.5,8,6.63,2012
14011097634,ALGO,15,14.1,13.7,14.45,2012
14011097634,Algo2,13,13.22,12.48,12.93,2012
14010896711,Algo2,,,,0.0,2012
14010996881,ALGO,,,,0.0,2012
14010996881,Algo2,,,,0.0,2012
14010996922,ALGO,13,6.45,7.75,10.05,2012
14010996922,Algo2,8,6.33,5.3,7.41,2012
14010996912,ALGO,8,7.7,9.3,8.25,2012
14010996912,Algo2,6,6.18,5.8,6.0,2012
14011097506,ALGO,16,3.9,13.6,12.38,2012
14010996932,ALGO,,,,0.0,2012
14010996932,Algo2,,,,0.0,2012
14010996943,ALGO,,,,0.0,2012
14010996943,Algo2,,,,0.0,2012
14011097416,ALGO,9,11.1,13.7,10.7,2012
14011097416,Algo2,7,11.42,12.48,10.1,2012
14011097150,ALGO,5,0,0,2.5,2012
14011097150,Algo2,,,,0.0,2012
14011097156,ALGO,,,,0.0,2012
14011097156,Algo2,,,,0.0,2012
14010996978,ALGO,16,2.3,11.6,11.48,2012
14011097177,ALGO,7,7.7,9.7,10.85,2012
14011097177,Algo2,4,8.77,9.45,10.56,2012
14010896813,Algo2,,0,0.67,0.17,2012
14010997045,ALGO,13,5.3,10.4,10.43,2012
14011097203,ALGO,14,15.65,15.55,14.8,2012
14011097203,Algo2,10,9.45,10.62,10.02,2012
14011097464,ALGO,7,7.2,9.2,7.6,2012
14011097464,Algo2,4,8.45,9.09,10.89,2012
14011097264,ALGO,10,7.9,9.7,9.4,2012
14011097264,Algo2,2,8.52,8.16,8.17,2012
14010996865,ALGO,,,,0.0,2012
14010996865,Algo2,,,,0.0,2012
14011097112,ALGO,,,,0.0,2012
14011097274,ALGO,13,8.3,10.1,11.1,2012
14011097274,Algo2,6,8.77,9.45,10.06,2012
14011097276,ALGO,9,8.1,9.63,8.94,2012
14011097276,Algo2,5,10.44,11.36,11.95,2012
14011097112,Algo2,,,,0.0,2012
14011097152,ALGO,11,1.2,10,8.3,2012
14011097152,Algo2,9,7.63,6.8,8.11,2012
14011097544,ALGO,12,10.05,12.35,11.6,2012
14011097544,Algo2,3,7.4,8.53,10.11,2012
14011097496,ALGO,18,2.3,12,12.58,2012
14011097571,ALGO,7,9.85,12.35,9.05,2012
14011097571,Algo2,5,7.78,8.48,8.07,2012
14011097588,ALGO,9,8.45,10.55,9.25,2012
14011097588,Algo2,,5.27,4.76,2.51,2012
14011097230,ALGO,,,,0.0,2012
14011097230,Algo2,,,,0.0,2012
14011197795,ALGO,8,7.4,9.2,8.15,2012
14011197795,Algo2,7,8.2,8.3,7.63,2012
14011197796,ALGO,,,,0.0,2012
14011197796,Algo2,,,,0.0,2012
14011197798,ALGO,12,8.25,10.05,10.58,2012
14011197798,Algo2,8,10.15,11.6,9.44,2012
14011197807,ALGO,8,9.5,11.65,9.29,2012
14011197807,Algo2,7,10.75,11.71,9.12,2012
14011197808,ALGO,10,8.3,9.9,9.55,2012
14011197808,Algo2,9,7.45,7.74,8.3,2012
14011197810,ALGO,7,8.3,10.1,11.1,2012
14011197810,Algo2,8,9.91,10.26,9.05,2012
14011197816,ALGO,16,10.7,11.65,13.59,2012
14011197816,Algo2,13,12.16,12.87,12.76,2012
14011197817,ALGO,,,,0.0,2012
14010996978,Algo2,10,2.7,0.8,5.88,2012
14011197817,Algo2,,,,0.0,2012
14011097284,ALGO,,,,0.0,2012
14011097284,Algo2,,,,0.0,2012
14011197859,ALGO,,,,0.0,2012
14011197859,Algo2,,,,0.0,2012
14011197866,ALGO,17,7.6,9,12.65,2012
14011197866,Algo2,6,8.04,8.36,7.1,2012
14011197872,ALGO,4,8.1,9.9,6.5,2012
14011197872,Algo2,4,8.77,9.45,11.06,2012
14011197876,ALGO,16,8.1,10.35,12.62,2012
14011197876,Algo2,7,7.77,9.45,7.81,2012
14011197877,ALGO,17,7.25,8.75,12.5,2012
14011197877,Algo2,5,6.85,6.91,5.94,2012
14011097456,ALGO,13,5.5,11.2,10.68,2012
14011097456,Algo2,9,7.63,10.8,10.61,2012
14011197893,ALGO,11,7.4,9.2,9.65,2012
14011197893,Algo2,4,8.26,7.87,10.04,2012
14011197914,ALGO,11,12.65,15.95,12.65,2012
14011097290,Algo2,9,8.71,9.38,9.03,2012
14011197914,Algo2,15,11.76,12.87,13.66,2012
14011197918,ALGO,16,8.1,9.7,12.45,2012
14011197918,Algo2,11,9.03,9.16,10.05,2012
14011097300,Algo2,9,5.59,6.13,7.43,2012
14011197922,ALGO,16,10.7,11.9,13.65,2012
14011197922,Algo2,12,12.16,12.87,12.26,2012
14011197923,ALGO,14,12.7,11.65,13.09,2012
14011197923,Algo2,14,13.79,13.82,13.91,2012
14011197936,ALGO,16,7.6,9.2,12.2,2012
14011197936,Algo2,3,8.96,9.67,6.16,2012
14011197939,ALGO,17,10.55,13.25,14.45,2012
14011197939,Algo2,10,10.58,10.64,10.31,2012
14011197947,ALGO,15,8.3,10.1,12.1,2012
14011197947,Algo2,11,9.93,9.87,10.45,2012
14011197965,ALGO,11,7.4,9.2,9.65,2012
14011197965,Algo2,5,8.77,9.45,10.06,2012
14011197966,ALGO,16,7.4,9.2,12.15,2012
14011197966,Algo2,11,9.15,9.89,10.26,2012
14011197977,ALGO,11,7.6,9.2,9.7,2012
14011097593,ALGO,,10,11.2,5.3,2012
14011197977,Algo2,12,8.97,9.45,10.61,2012
14011197979,ALGO,12,10.55,13.05,11.9,2012
14011097593,Algo2,,7.2,10.8,4.5,2012
14011197979,Algo2,11,9.76,10.64,10.6,2012
14011097606,ALGO,14,5.3,12,11.33,2012
14011097606,Algo2,7,5.61,9,7.16,2012
14011097616,ALGO,12,8.75,10.95,10.93,2012
14011097616,Algo2,3,8.79,9.62,10.11,2012
14011197993,ALGO,15,7.6,9.2,11.7,2012
14011197993,Algo2,4,8.77,9.45,10.06,2012
14011197999,ALGO,17,9.5,11.9,13.85,2012
14011197999,Algo2,13,9.86,10.4,11.57,2012
14011198007,ALGO,12,7.6,9,10.15,2012
14011198007,Algo2,8,8.8,8.3,11.28,2012
14011198010,ALGO,13,7.25,8.75,10.5,2012
14011198010,Algo2,8,7.81,7.86,10.42,2012
14011198012,ALGO,15,12.5,11.9,13.6,2012
14011198012,Algo2,12,11.75,11.71,11.87,2012
14011198023,ALGO,17,7.2,8.95,12.54,2012
14011198023,Algo2,9,8.58,8.74,8.83,2012
14011097524,ALGO,,,,0.0,2012
14011097524,Algo2,,,,0.0,2012
14011198033,ALGO,14,7.2,9,11.05,2012
14011097530,ALGO,,,,0.0,2012
14011198033,Algo2,6,8.8,8.3,7.28,2012
14011097530,Algo2,,,,0.0,2012
14011198040,ALGO,,,,0.0,2012
14011198040,Algo2,,,,0.0,2012
14011198041,ALGO,15,9.5,11.9,12.85,2012
14011198041,Algo2,16,9.86,10.4,13.07,2012
14011198067,ALGO,12,7.6,9.2,10.2,2012
14011198067,Algo2,6,8.96,9.67,7.66,2012
14011198072,ALGO,15,10.3,10.1,12.6,2012
14011198072,Algo2,14,10.31,10.76,12.27,2012
14011198084,ALGO,14,7.7,9.7,11.35,2012
14011198084,Algo2,5,8.6,8.96,10.02,2012
14011198091,ALGO,10,7.4,8.95,9.09,2012
14011198091,Algo2,11,9.25,9,10.07,2012
14011198101,ALGO,13,12.7,11.9,12.65,2012
14011198101,Algo2,13,13.79,13.82,13.41,2012
14011198103,ALGO,11,7.2,8.8,9.5,2012
14011198103,Algo2,11,8.77,9.45,10.06,2012
14011198520,ALGO,12,7.4,9.2,10.15,2012
14011198520,Algo2,11,9.01,9.69,10.18,2012
14011198465,ALGO,9,7.2,9.2,8.6,2012
14011198112,ALGO,,,,0.0,2012
14011198465,Algo2,14,8.07,7.86,10.99,2012
14011198466,ALGO,11,9.15,11.45,10.65,2012
14011198112,Algo2,,,,0.0,2012
14011198113,ALGO,12,8.1,9.9,10.5,2012
14011198113,Algo2,9,8.46,8.8,8.82,2012
14011198116,ALGO,13,10.2,12.8,12.25,2012
14011198116,Algo2,4,10.05,10.41,7.12,2012
14011198131,ALGO,,,,0.0,2012
14011198131,Algo2,,,,0.0,2012
14011198136,ALGO,16,9.15,10.95,13.03,2012
14011198136,Algo2,10,9.8,10.7,10.13,2012
14011198153,ALGO,14,9.15,10.95,12.03,2012
14011198153,Algo2,10,9.3,11.2,10.13,2012
14011198396,ALGO,11,7.4,9.2,9.65,2012
14011198396,Algo2,5,11.39,12.37,11.44,2012
14011198174,ALGO,13,8.25,10.3,11.14,2012
14011198174,Algo2,4,10.15,11.6,7.44,2012
14011198176,ALGO,,,,0.0,2012
14011198176,Algo2,,,,0.0,2012
14011198511,ALGO,16,10.05,12.35,13.6,2012
14011198192,ALGO,14,15.25,15.75,14.75,2012
14011198433,ALGO,8,7.4,9.2,8.15,2012
14011198433,Algo2,6,8.77,9.45,10.06,2012
14011198192,Algo2,15,14.32,14.32,14.66,2012
14011198198,ALGO,7,8.25,10.35,8.15,2012
14011198198,Algo2,7,8.33,8.95,10.07,2012
14011198242,ALGO,14,10.2,12.6,12.7,2012
14011198434,ALGO,17,7.05,7.95,12.25,2012
14011198214,ALGO,5,7.4,9.2,6.65,2012
14011198214,Algo2,7,8.33,9.6,10.11,2012
14011198216,ALGO,17,11.1,10.1,13.8,2012
14011198216,Algo2,14,12.04,11.13,12.8,2012
14011198242,Algo2,11,13.83,14.7,12.64,2012
14011198504,ALGO,12,7.4,9,10.1,2012
14011198504,Algo2,8,7.81,8.36,8.05,2012
14011198256,ALGO,14,7.4,8.8,11.05,2012
14011198256,Algo2,5,5.74,6.3,7.51,2012
14011198260,ALGO,15,7.6,9.2,11.7,2012
14011198435,ALGO,9,7.9,9.7,8.9,2012
14011198260,Algo2,15,15.54,15.13,15.17,2012
14011198435,Algo2,2,6.7,7.8,10.13,2012
14011198438,ALGO,14,13.1,13.7,13.7,2012
14011198267,ALGO,15,7.6,9.2,11.7,2012
14011198267,Algo2,8,13.74,15.13,11.22,2012
14011198278,ALGO,,,,0.0,2012
14011198278,Algo2,,,,0.0,2012
14011198482,ALGO,,,,0.0,2012
14011198528,ALGO,14,7.2,9,11.05,2012
14011198282,ALGO,15,7.4,9.2,11.65,2012
14011198282,Algo2,10,8.13,8.22,9.09,2012
14011198286,ALGO,13,8.45,10.35,11.2,2012
14011198286,Algo2,8,7.4,8.03,8.86,2012
14011198291,ALGO,,,,0.0,2012
14011198291,Algo2,,,,0.0,2012
14011198528,Algo2,11,7.63,7.8,9.36,2012
14011198295,ALGO,,,,0.0,2012
14011198391,ALGO,10,7.6,9.2,9.2,2012
14011198295,Algo2,,,,0.0,2012
14011198312,ALGO,,,,0.0,2012
14011198312,Algo2,,,,0.0,2012
14011198357,ALGO,12,10.7,13.7,12.1,2012
14011198357,Algo2,5,11.84,12.46,10.08,2012
14011198530,ALGO,15,11.95,15.05,14.25,2012
14011198386,ALGO,16,12.7,11.9,14.15,2012
14011198386,Algo2,14,15.47,15.05,14.63,2012
14011198419,ALGO,8,7.6,9.2,9.2,2012
14011198391,Algo2,,6.98,7.71,6.68,2012
14011198392,ALGO,10,8.3,9.9,9.55,2012
14011198392,Algo2,4,9.66,11.13,7.2,2012
14011198402,ALGO,17,12,12.8,14.7,2012
14011198402,Algo2,13,12.4,12,12.6,2012
14011198476,ALGO,10,7.6,9,9.15,2012
14011198476,Algo2,11,8.64,8.3,9.74,2012
14011198543,ALGO,8,9.5,11.7,9.3,2012
14011198543,Algo2,1,7.72,9.02,4.69,2012
14011198409,ALGO,9,7.4,9.2,8.65,2012
14011198409,Algo2,6,8.2,9.45,7.42,2012
14011198410,ALGO,13,7.05,8.55,10.4,2012
14011198410,Algo2,8,9.63,10,8.91,2012
14011198412,ALGO,12,9.25,8.75,10.5,2012
14011198412,Algo2,7,11.72,11.14,9.22,2012
14011198452,ALGO,8,12.65,15.95,11.15,2012
14011198419,Algo2,4,5.39,5.3,9.68,2012
14011198427,ALGO,6,7.4,8.8,7.05,2012
14011198427,Algo2,5,8.2,8.3,10.13,2012
14011198430,ALGO,9,7.6,8.8,8.6,2012
14011198430,Algo2,7,8.55,8.7,8.82,2012
14011198501,ALGO,17,10.05,12.35,14.1,2012
14011198434,Algo2,4,8.77,9.45,10.56,2012
14011198484,ALGO,12,9.15,11.45,11.15,2012
14011198484,Algo2,11,8.9,9.1,10.0,2012
14011198487,ALGO,13,7.2,8.8,10.5,2012
14011198501,Algo2,6,9.89,10.04,7.99,2012
14011198438,Algo2,8,12.1,12.96,10.27,2012
14011198503,ALGO,12,10.05,12.35,11.6,2012
14011198503,Algo2,9,11.88,12.09,10.5,2012
14011198452,Algo2,10,12.53,14.32,11.72,2012
14011198480,ALGO,7,7.4,9,7.6,2012
14011198480,Algo2,8,7.68,7.2,9.22,2012
14011198497,ALGO,14,12.85,12.15,13.25,2012
14011198497,Algo2,16,12.88,12.09,14.25,2012
14011198458,ALGO,17,7.4,9.2,12.65,2012
14011198458,Algo2,11,7.31,7.86,9.3,2012
14011198466,Algo2,5,8.11,7.9,10.01,2012
14011198467,ALGO,12,12.3,15.3,12.9,2012
14011198467,Algo2,6,9.74,10.56,8.08,2012
14011198475,ALGO,7,7.4,9.2,7.65,2012
14011198475,Algo2,6,9.04,9.26,7.58,2012
14011198477,ALGO,17,12.1,15.3,15.35,2012
14011198477,Algo2,14,7.61,7.7,10.83,2012
14011198479,ALGO,13,8.3,10.1,11.1,2012
14011198479,Algo2,8,5.83,6.3,7.54,2012
14011198482,Algo2,,,,0.0,2012
14011198487,Algo2,6,8.2,7.8,8.5,2012
14011198488,ALGO,,,,0.0,2012
14011198488,Algo2,,,,0.0,2012
14011198526,ALGO,16,12.15,15.05,14.8,2012
14011198511,Algo2,5,9.29,10.04,7.34,2012
14011198515,ALGO,10,7.4,9.2,9.15,2012
14011198515,Algo2,6,8.33,9.6,10.99,2012
14011198526,Algo2,10,11.12,11.41,10.64,2012
14011198530,Algo2,10,10.92,11.91,10.71,2012
14011198544,ALGO,14,13.75,13.25,13.75,2012
14011198544,Algo2,11,12.01,13.16,11.8,2012
14011198545,ALGO,13,8.4,9.2,10.9,2012
14011198545,Algo2,5,7.64,8.73,10.1,2012
14011198548,ALGO,7,3.8,4,5.45,2012
14011198548,Algo2,4,4.3,6.2,5.63,2012
14011198577,ALGO,11,7.4,8.95,9.59,2012
14011198581,ALGO,17,8.95,11.45,13.6,2012
14011198577,Algo2,3,8.48,8.62,9.28,2012
14011198581,Algo2,10,9.45,10.62,10.02,2012
14011198582,ALGO,13,8.8,10.75,11.39,2012
14011198582,Algo2,10,11.44,11.13,10.65,2012
14011198583,ALGO,15,13.75,13.25,14.25,2012
14011198583,Algo2,16,12.04,13.16,14.3,2012
14011198585,ALGO,10,6.8,8.8,8.9,2012
14011198585,Algo2,5,5.74,6.3,6.01,2012
14011198587,ALGO,8,4.2,5,6.3,2012
14011198587,Algo2,7,8.2,8.8,7.75,2012
14011198588,ALGO,15,7.8,8.95,11.69,2012
14011198588,Algo2,,8.5,10.4,8.73,2012
14011198589,ALGO,14,8.1,9.63,11.44,2012
14011198589,Algo2,10,10.44,11.36,10.45,2012
14010696474,ALGO,7,4.5,12,7.63,2012
14010796595,ALGO,,,,0.0,2012
14011298651,ALGO,,,,0.0,2015
14011299106,ALGO,,,,0.0,2015
14011299015,ALGO,,7.38,9.2,0.0,2015
14010996881,ALGO,,,,0.0,2015
14010996881,Algo2,,,,0.0,2015
14011298783,ALGO,,,,0.0,2015
14011299234,ALGO,,1.33,8.98,0.0,2015
14010996912,ALGO,,7.7,9.3,0.0,2015
14010996912,Algo2,,6.18,5.8,0.0,2015
14011097278,ALGO,,,,0.0,2015
14011097278,Algo2,,,,0.0,2015
14010996932,ALGO,,,,0.0,2015
14010996932,Algo2,,,,0.0,2015
14011097385,ALGO,,,,0.0,2015
14011097385,Algo2,,,,0.0,2015
14011097150,ALGO,,0,0,0.0,2015
14011097150,Algo2,,,,0.0,2015
14011097156,ALGO,,,,0.0,2015
14011097156,Algo2,,,,0.0,2015
14011298695,ALGO,,7.16,8.53,0.0,2015
14011298848,ALGO,,,,0.0,2015
14011097264,Algo2,,8.52,8.16,0.0,2015
14010996865,ALGO,,,,0.0,2015
14010996865,Algo2,,,,0.0,2015
14011097112,ALGO,,,,0.0,2015
14011097112,Algo2,,,,0.0,2015
14011097230,ALGO,,,,0.0,2015
14011097230,Algo2,,,,0.0,2015
14011197796,ALGO,,,,0.0,2015
14011197796,Algo2,,,,0.0,2015
14011197817,ALGO,,,,0.0,2015
14011299200,Algo2,,7.17,9.1,0.0,2015
14010996978,Algo2,,2.7,0.8,0.0,2015
14011197817,Algo2,,,,0.0,2015
14011198053,Algo2,,8.86,9.8,0.0,2015
14011197859,ALGO,,,,0.0,2015
14011197859,Algo2,,,,0.0,2015
14011198087,Algo2,,8.13,10,0.0,2015
14011097593,ALGO,,10,11.2,0.0,2015
14011097593,Algo2,,7.2,10.8,0.0,2015
14011198217,Algo2,,6.84,7.2,0.0,2015
14011198325,ALGO,,,,0.0,2015
14011198023,Algo2,,7.93,10,0.0,2015
14011198325,Algo2,,,,0.0,2015
14011198334,Algo2,,8.86,9.8,0.0,2015
14011097524,ALGO,,,,0.0,2015
14011097524,Algo2,,,,0.0,2015
14011198040,ALGO,,,,0.0,2015
14011198040,Algo2,,,,0.0,2015
14011198389,Algo2,,7.96,8.8,0.0,2015
14011198407,Algo2,,8.44,9.2,0.0,2015
14011298848,Algo2,,,,0.0,2015
14011198112,ALGO,,,,0.0,2015
14011198112,Algo2,,,,0.0,2015
14011198131,ALGO,,,,0.0,2015
14011198131,Algo2,,,,0.0,2015
14011198176,ALGO,,0.4,0,0.0,2015
14011198176,Algo2,,5.48,6.4,0.0,2015
14011198445,Algo2,,5.33,6.2,0.0,2015
14011198278,ALGO,,,,0.0,2015
14011198278,Algo2,,,,0.0,2015
14011198474,Algo2,,8.53,10.4,0.0,2015
14011198482,ALGO,,,,0.0,2015
14011198291,ALGO,,,,0.0,2015
14011198291,Algo2,,,,0.0,2015
14011198295,ALGO,,,,0.0,2015
14011198295,Algo2,,,,0.0,2015
14011198312,ALGO,,,,0.0,2015
14011198312,Algo2,,,,0.0,2015
14011198391,Algo2,,8.66,9.8,0.0,2015
14011198543,Algo2,,5.96,6.8,0.0,2015
14011198576,Algo2,,4.73,6.2,0.0,2015
14011198479,Algo2,,5.73,6.4,0.0,2015
14011198482,Algo2,,,,0.0,2015
14011198488,ALGO,,,,0.0,2015
14011198488,Algo2,,,,0.0,2015
14011299190,Algo2,,8.44,9.2,0.0,2015
14011299234,Algo2,,0.8,0.6,0.0,2015
14011299015,Algo2,,6.2,7.2,0.0,2015
14011298641,Algo2,,8.46,9.8,0.0,2015
14011299143,ALGO,,,,0.0,2015
14011298651,Algo2,,,,0.0,2015
14011298968,ALGO,,,,0.0,2015
14011298669,ALGO,,,,0.0,2015
14011298669,Algo2,,,,0.0,2015
14011198548,ALGO,,3.8,4,0.0,2015
14011198548,Algo2,,4.3,6.2,0.0,2015
14011298879,Algo2,,5.8,6.6,0.0,2015
14011198585,ALGO,,6.8,8.8,0.0,2015
14011198585,Algo2,,5.74,6.3,0.0,2015
14011298695,Algo2,,0,0,0.0,2015
14011299068,Algo2,,7.27,9,0.0,2015
14011299097,Algo2,,8.72,9.6,0.0,2015
14011299106,Algo2,,,,0.0,2015
14011298749,ALGO,,,,0.0,2015
14011298749,Algo2,,,,0.0,2015
14011298783,Algo2,,,,0.0,2015
14011298968,Algo2,,,,0.0,2015
14011299143,Algo2,,,,0.0,2015
14011299146,Algo2,,6.08,6.4,0.0,2015
14011299173,Algo2,,,,0.0,2015
14011299212,Algo2,,8.52,9.6,0.0,2015
