id_student,gender,nationality,age,bac_wilaya,bac_average,repeated,semester_1_avg,semester_2_avg,semester_3_avg,semester_4_avg,semester_5_avg,semester_6_avg
14010696434,M,algérienne,22,14,12.2,true,10.07,10.63,10.71,10.39,10.20,10.75
14010696447,M,algérienne,26,14,10.37,false,10.45,10.26,10.04,10.06,9.58,11.50
14010696481,M,algérienne,22,14,11.49,true,10.20,10.24,10.81,10.00,9.70,10.83
14010696498,M,algérienne,25,14,11.44,false,10.35,9.91,11.20,9.66,11.28,14.67
14010696505,M,algérienne,23,14,10.5,false,10.23,10.03,9.82,10.26,9.14,12.67
14010696540,M,algérienne,25,14,12.76,false,10.39,10.55,10.13,11.95,13.02,16.28
14010796545,M,algérienne,25,14,10.51,false,10,10.05,10.20,10.20,9.59,13.83
14010796547,M,algérienne,24,14,10,false,10.05,10.09,10.19,10.23,7.68,13.92
14010796567,M,algérienne,24,47,12,false,10.07,10.09,11.13,10.47,10.35,13.56
14010796569,F,algérienne,23,14,10.62,false,10.29,10.06,11.04,10.21,10.08,13.00
14010796586,M,algérienne,22,14,11.95,false,10.44,10.10,12.39,11.05,13.00,12.12
14010796594,M,algérienne,22,14,11.35,false,10.81,9.71,11.35,9.93,8.65,12.50
14010796614,M,algérienne,23,14,12.48,false,10.28,9.58,10.00,10.85,8.08,13.48
14010796643,F,algérienne,22,14,10.78,false,10.48,10.04,10.14,10.07,9.97,12.17
14010796644,M,algérienne,20,14,11.97,false,10.59,10.53,11.18,10.40,10.09,15.00
14010796647,M,algérienne,24,14,10.31,true,10.32,10.03,11.06,10.29,11.08,15.34
14010796651,F,algérienne,23,14,10.75,false,10.57,10.53,10.38,9.79,10.06,12.58
14010796671,M,algérienne,21,14,10.81,false,11.21,9.29,10.06,9.94,8.54,12.83
14010896695,M,algérienne,20,22,11.85,false,10.52,11.15,11.09,10.39,8.80,14.00
14010896700,M,algérienne,20,22,11.77,false,12.41,11.94,11.76,9.84,10.88,14.17
14010896701,F,algérienne,20,22,12.77,false,12.11,11.02,13.65,13.24,13.69,16.39
14010896703,M,algérienne,22,22,11.96,false,10.87,10.12,10.48,10.60,9.64,14.33
14010896717,F,algérienne,20,14,12.84,false,12.19,12.03,12.49,10.53,11.55,14.00
14010896719,M,algérienne,19,14,12.3,false,13.02,12.33,13.42,12.53,10.80,15.34
14010896720,F,algérienne,19,14,13.78,false,12.34,11.76,12.70,11.17,10.88,15.33
14010896722,F,algérienne,23,14,10.5,false,9.86,10.34,10.08,10.00,7.16,15.39
14010896723,F,algérienne,19,14,13.23,false,14.07,15.32,15.36,14.59,15.69,14.72
14010896727,M,algérienne,20,14,13.29,false,11.16,11.10,11.65,12.25,12.30,14.67
14010896729,M,algérienne,23,14,12.46,false,10.60,10.23,10.96,10.00,10.90,14.33
14010896733,F,algérienne,21,14,11.89,false,10.38,11.91,11.91,11.25,12.64,15.16
14010896734,F,algérienne,23,14,10.65,false,11.88,12.67,13.17,11.51,12.76,14.67
14010896735,M,algérienne,26,14,11.4,false,10.10,11.54,12.14,10.61,11.49,13.00
14010896737,F,nigerienne,21,99,12,false,13.05,13.67,14.70,12.47,13.91,15.95
14010896738,F,camerounienne,20,99,12,false,14.38,15.47,13.94,13.74,13.64,16.75
14010896747,M,algérienne,20,38,12.55,false,11.87,11.38,10.44,10.14,8.97,13.00
14010896757,M,algérienne,22,14,11.93,false,10.49,9.52,9.84,11.38,10.22,15.31
14010896759,M,ivoirrienne,22,99,10,false,10.99,10.65,11.54,11.00,11.23,13.01
14010896761,M,algérienne,26,14,12.29,false,10.18,10.17,10.34,10.04,9.18,15.25
14010896762,F,algérienne,19,14,12.71,false,11.35,10.26,12.18,10.98,11.43,13.33
14010896764,F,algérienne,19,14,14.11,false,12.47,11.74,13.03,11.76,13.65,14.57
14010896765,M,algérienne,25,14,11.61,false,9.99,10.08,10.17,9.92,8.92,12.33
14010896766,M,algérienne,20,14,11.55,false,9.99,10.33,10.14,10.33,9.61,15.08
14010896768,M,algérienne,20,14,11.92,false,10.40,10.04,11.21,9.99,10.41,14.00
14010896781,F,malienne,20,99,12.04,false,11.93,13.64,13.76,12.77,13.60,16.50
14010896787,F,algérienne,19,14,11.86,false,10.03,10.32,10.80,10.52,9.17,13.67
14010896790,M,algérienne,21,14,10.01,false,10.07,10.25,10.20,10.12,8.68,13.67
14010896794,F,algérienne,19,14,12.17,false,10.73,11.61,11.27,11.21,13.06,15.85
14010896797,M,algérienne,23,38,10.29,false,10.16,10.05,10.49,10.23,9.10,13.45
14010896799,M,algérienne,23,38,10.95,false,10.20,10.33,10.00,10.01,8.18,13.34
14010896803,F,algérienne,20,14,12.5,false,12.04,10.13,12.14,11.27,12.97,13.67
14010896806,M,algérienne,21,38,10.74,false,10.41,10.15,10.81,10.10,9.23,11.33
14010896814,M,algérienne,19,14,10.65,false,10.20,10.16,11.53,9.85,9.90,14.83
14010896824,M,algérienne,22,14,11.33,false,10.13,10.07,10.23,10.36,10.50,13.42
14010896825,F,algérienne,22,14,10.64,false,10.03,10.27,10.79,9.50,9.61,11.75
14010896830,F,algérienne,19,14,11,false,10.08,10.07,11.92,11.31,12.32,13.33
14010896831,M,algérienne,20,38,13,false,11.08,11.98,11.06,10.86,10.91,11.00
14010896834,F,algérienne,22,14,10,false,10.25,10.45,10.25,9.79,9.15,11.50
14010896835,M,algérienne,21,14,12.77,false,11.49,10.68,12.12,10.27,9.62,13.33
14010896836,M,algérienne,23,14,11.6,false,10.64,9.75,10.26,10.20,7.55,14.12
14010896837,M,algérienne,19,14,12.82,false,10.99,11.60,11.72,10.92,10.55,9.42
14010896841,M,algérienne,21,14,12.04,false,11.20,8.83,10.22,10.34,9.33,12.50
14010896843,M,algérienne,21,14,12,false,10.79,8.88,10.88,10.37,9.27,12.67
14010896847,F,algérienne,19,14,11.13,false,12.47,11.75,11.72,10.32,10.77,15.54
14010896855,F,algérienne,20,38,13.19,false,12.25,13.56,14.22,11.60,11.11,15.00
14010896857,M,algérienne,22,38,11.67,false,10.68,10.08,11.00,9.30,8.06,13.62
14010896858,M,algérienne,19,14,12.37,false,12.95,12.98,13.43,12.17,13.97,15.75
14010896860,M,mauritanienne,24,99,10,true,11.62,11.18,10.41,10.18,8.95,11.82
14010896862,M,algérienne,14,01,10,false,10.65,11.62,10.62,10.97,9.82,11.92
14010996874,M,algérienne,20,14,11.55,false,10.02,10.86,10.99,10.68,8.58,14.67
14010996875,M,algérienne,23,14,10.82,false,10.32,9.51,10.16,10.07,8.67,14.70
14010996877,F,algérienne,21,14,10.02,false,11.80,10.32,13.39,11.16,10.00,14.04
14010996878,M,algérienne,24,99,14.28,false,15.24,16.81,17.62,16.05,14.34,16.49
14010996886,M,algérienne,22,14,10.82,false,11.22,9.46,10.36,9.65,8.13,13.14
14010996892,F,algérienne,22,14,10.22,false,10.21,10.48,10.02,10.77,10.08,13.92
14010996894,M,algérienne,25,38,10.8,false,10.82,10.01,9.86,10.20,7.50,14.34
14010996896,M,algérienne,22,38,11.35,false,9.96,10.98,10.27,10.15,9.24,13.81
14010996899,F,algérienne,22,14,12.15,false,10.28,10.37,9.50,11.17,9.57,14.58
14010996901,F,algérienne,20,14,11.5,false,10.01,10.10,12.51,10.67,8.87,13.75
14010996902,F,algérienne,20,99,10.75,false,11.33,13.08,13.41,13.33,13.28,15.48
14010996903,M,algérienne,23,14,11.33,false,9.92,10.4,10.12,10.31,8.46,14.45
14010996905,F,algérienne,22,14,11.86,false,10.10,9.81,11.12,10.10,11.09,15.08
14010996914,M,algérienne,22,38,10.53,false,10.21,10.21,10.57,9.73,8.27,15.45
14010996921,M,burandaise,22,99,15.2,false,15.17,17.48,16.40,16.11,16.32,16.11
14010996923,M,burandaise,22,99,16.62,false,16.08,17.43,17.32,16.24,15.60,16.46
14010996929,F,algérienne,22,14,10.69,false,10.28,11.18,13.15,10.24,10.02,14.75
14010996934,M,algérienne,23,14,10.26,false,10.06,10.07,10.41,10.05,7.54,14.58
14010996939,M,burundaise,23,99,15.06,false,13.53,14.23,15.76,14.85,13.05,15.93
14010996940,M,burandaise,23,99,14.32,false,14.27,15.04,14.40,14.02,11.61,15.61
14010996948,M,algérienne,21,14,10.23,false,10.42,10.00,12.48,9.57,8.03,14.96
14010996950,F,algérienne,21,14,10.31,false,10.20,10.4,10.40,10.43,8.22,14.23
14010996952,M,algérienne,22,14,11.11,false,10.39,10.41,11.06,10.61,9.50,15.39
14010996953,M,algérienne,21,14,11.89,false,11.25,10.39,12.29,10.48,8.59,13.71
14010996954,M,algérienne,21,38,11,false,10.14,10.12,10.84,10.83,9.61,14.09
14010996970,F,algérienne,22,14,10.96,false,10.14,9.90,10.53,9.48,11.35,14.13
14011097152,M,algérienne,24,14,12.21,true,11.21,7.63,10.04,10.55,8.78,13.79
14011097177,M,algérienne,22,14,11.37,false,10.20,10.42,10.28,10.27,9.00,13.50
14011097203,F,algérienne,22,14,13.34,false,15.04,15.13,13.34,11.20,13.12,15.58
14011097274,M,algérienne,24,14,11.42,false,10.41,10.71,9.88,10.13,8.37,13.83
14011097276,M,algérienne,22,14,12.21,false,10.98,10.54,9.73,10.70,8.86,14.42
14011097290,M,algérienne,22,14,11.38,false,10.16,10.36,10.49,10.25,11.80,15.00
14011097300,M,algérienne,23,14,13.3,false,10.43,9.31,10.06,10.37,8.82,13.31
14011097339,F,algérienne,22,14,13.09,false,10.15,11.42,10.91,10.36,9.28,15.67
14011097354,F,algérienne,21,38,14.04,false,13.33,12.24,12.87,12.11,12.05,15.25
14011097363,F,algérienne,20,14,17.83,false,11.22,11.07,11.53,10.56,11.29,14.08
14011097368,F,algérienne,22,14,14.39,false,10.96,9.66,10.09,10.75,9.24,14.00
14011097372,F,algérienne,22,38,12.4,false,11.67,11.37,12.18,10.99,11.54,15.03
14011097377,F,algérienne,21,14,11.04,false,10.15,9.76,11.29,10.05,8.52,14.42
14011097400,M,algérienne,21,14,11.73,false,10.57,10.57,10.49,9.95,11.49,15.50
14011097401,M,algérienne,21,14,11.21,false,10.30,11.01,10.85,11.57,10.86,15.33
14011097402,M,algérienne,20,14,11.21,false,11.04,8.43,10.46,9.98,9.70,15.31
14011097416,M,algérienne,23,14,10.88,false,10.15,10.30,10.34,9.68,9.45,12.50
14011097420,M,algérienne,21,14,12.48,false,11.63,8.10,10.84,10.04,10.44,14.33
14011097422,M,algérienne,20,14,12.59,false,11.27,9.28,11.68,9.68,11.16,16.81
14011097441,F,algérienne,20,14,12.78,false,11.14,10.75,14.76,12.29,13.74,17.13
14011097448,F,algérienne,21,14,13.1,false,11.14,10.07,11.25,10.32,12.15,16.63
14011097456,F,algérienne,22,14,12.21,false,10.52,9.89,10.06,10.23,9.91,13.67
14011097462,M,algérienne,20,38,10.93,false,10.30,10.23,10.62,9.59,7.69,14.75
14011097465,F,algérienne,21,14,13.87,false,10.10,10.32,10.86,11.49,10.75,16.08
14011097471,F,algérienne,21,38,12.49,false,10.22,10.29,11.69,8.42,8.51,14.25
14011097473,F,algérienne,22,38,11.7,false,9.87,10.29,10.59,9.68,7.83,14.17
14011097478,F,algérienne,22,14,12.42,false,10.30,10.65,10.94,9.56,9.42,13.75
14011097482,F,algérienne,21,38,11.38,false,10.93,9.71,10.25,9.75,8.73,14.50
14011097484,F,algérienne,20,38,10.74,false,11.10,10.56,10.57,9.77,8.00,14.25
14011097496,M,algérienne,22,38,12.55,false,11.01,8.16,10.14,10.02,9.11,11.83
14011097502,F,algérienne,21,38,13.11,false,12.56,10.49,11.89,10.84,10.93,15.25
14011097505,F,algérienne,21,38,12.7,false,10.91,8.97,11.35,10.04,8.40,13.50
14011097518,F,algérienne,20,14,13.5,false,10.87,10.37,12.17,10.30,11.16,15.17
14011097527,M,algérienne,21,14,14.75,false,12.56,9.54,11.34,8.66,9.26,14.87
14011097531,F,algérienne,21,14,13.39,false,10.56,9.72,10.65,9.39,7.66,14.00
14011097543,M,algérienne,22,14,10.88,false,10.18,9.76,9.76,10.23,8.21,14.28
14011097544,M,algérienne,23,14,13.71,false,10.32,9.88,10.14,10.26,8.53,14.42
14011097546,M,algérienne,24,14,13.05,false,12.87,10.50,12.91,11.48,10.28,14.00
14011097549,M,algérienne,21,14,14.42,false,10.86,9.42,11.06,9.53,10.02,13.62
14011097564,M,algérienne,20,14,12.85,false,11.03,10.72,11.07,9.62,11.41,15.45
14011097599,M,algérienne,22,14,12.75,false,10.90,9.75,10.20,9.84,8.04,14.34
14011097606,M,algérienne,21,14,13.19,false,11.07,8.76,10.45,10.27,8.43,13.75
14011097615,F,algérienne,22,14,11.33,false,10.53,8.94,10.22,9.77,7.92,14.42
14011097616,F,algérienne,21,14,15,false,11.43,9.63,10.66,10.56,9.39,12.92
14011097617,M,algérienne,21,14,13.94,false,9.92,10.30,11.80,11.72,10.07,14.75
14011097629,F,algérienne,21,38,11.84,false,9.95,10.31,11.05,9.94,7.95,14.38
14011097631,F,algérienne,20,14,14.15,false,11.77,10.45,12.26,10.84,9.72,15.58
14011097632,M,algérienne,20,14,11.28,false,10.16,10.41,10.04,10.43,10.88,14.67
14011097634,M,algérienne,22,14,12.78,false,10.15,11.24,13.02,11.19,9.95,14.20
14011097786,M,algérienne,21,14,11.66,false,10.10,11.44,11.27,12.14,10.18,13.87
14011197795,F,algérienne,21,14,12.45,false,11.30,10.19,11.75,8.87,10.65,14.09
14011197798,F,algérienne,22,14,15.2,false,12.26,10.95,11.47,9.52,10.43,12.83
14011197808,F,algérienne,22,14,12.69,false,10.67,9.36,10.57,9.43,9.93,13.26
14011197810,F,algérienne,21,14,12.02,false,10.06,10.12,11.14,9.11,10.16,13.33
14011197816,F,algérienne,20,14,14.54,false,10.79,9.29,12.97,11.20,8.86,15.17
14011197866,F,algérienne,23,14,11.25,false,9.73,11.41,11.14,9.72,10.78,13.83
14011197872,F,algérienne,21,38,12.13,false,10.02,10.62,9.94,10.54,8.89,14.17
14011197876,F,algérienne,21,38,13.6,false,10.58,11.40,12.11,9.22,10.05,13.33
14011197877,F,algérienne,20,38,13.28,false,10.19,9.92,12.37,8.60,9.37,14.33
14011197914,F,algérienne,21,14,12.19,false,11.59,12.29,13.87,11.09,13.12,14.92
14011197918,F,algérienne,20,38,13.81,false,13.08,14.66,13.59,10.90,11.93,15.08
14011197922,F,algérienne,20,14,13.39,false,11.52,12.94,13.70,11.11,11.75,14.50
14011197923,F,algérienne,21,14,14.27,false,12.24,12.36,13.39,12.33,12.74,16.33
14011197936,F,algérienne,24,38,12.37,false,10.90,10.39,11.05,9.16,10.92,15.00
14011197939,F,algérienne,21,14,13.85,false,11.67,12.14,13.99,10.78,12.27,15.92
14011197947,F,algérienne,21,14,12.98,false,11.81,13.12,12.90,9.73,12.80,14.67
14011197960,F,algérienne,22,14,12.98,false,10.40,10.75,10.98,9.66,10.90,14.00
14011197966,F,algérienne,20,14,12.62,false,10.11,10.07,11.55,9.48,10.92,14.17
14011197977,F,algérienne,20,14,12.54,false,10.63,9.96,11.87,9.89,11.14,14.08
14011197979,F,algérienne,21,38,13.95,false,11.35,12.06,12.75,10.38,11.65,15.33
14011197993,F,algérienne,21,14,12.38,false,10.23,10.03,10.89,11.22,10.69,13.25
14011197999,F,algérienne,21,14,11.66,false,11.27,12.42,13.19,10.55,13.05,16.04
14011198007,F,algérienne,22,14,12.01,false,11.93,8.12,10.32,10.79,10.01,15.00
14011198010,F,algérienne,22,38,11.48,false,10.16,10.07,9.97,10.92,8.17,13.25
14011198012,F,algérienne,20,14,10.92,false,13.55,10.75,12.65,10.06,10.96,15.17
14011198033,F,algérienne,21,38,12.22,false,10.89,9.44,10.40,9.92,10.98,15.08
14011198041,F,algérienne,21,14,14.19,false,11.60,11.50,13.41,11.64,13.82,15.92
14011198072,F,algérienne,21,38,12.88,false,12.05,12.77,13.74,10.37,11.96,15.50
14011198084,F,algérienne,21,38,12.99,false,9.83,11.19,10.60,10.00,9.68,14.00
14011198091,F,algérienne,21,14,11.44,false,10.75,10.48,10.15,10.17,9.76,14.42
14011198101,F,algérienne,21,14,14.77,false,13.17,12.95,13.68,13.24,13.60,15.42
14011198103,F,algérienne,22,14,14.07,false,10.08,10.39,10.35,10.09,9.69,15.08
14011198113,F,algérienne,20,14,12.05,false,10.93,10.87,11.58,8.94,10.33,13.67
14011198116,F,congolaise,19,99,12,false,14.83,14.12,13.70,9.62,13.18,15.92
14011198136,M,algérienne,22,14,14.7,false,11.79,11.00,11.98,9.36,7.90,14.25
14011198153,M,algérienne,20,14,13.43,false,11.05,10.14,12.20,10.05,10.17,14.53
14011198174,M,algérienne,22,14,12.29,false,10.81,8.77,11.47,8.86,8.42,12.83
14011198180,M,algérienne,22,14,11.85,false,12.77,10.47,12.77,10.34,12.05,14.84
14011198183,M,algérienne,25,14,11.79,false,10.21,10.15,10.79,9.98,9.59,13.75
14011198192,M,algérienne,20,14,15.11,false,12.22,13.26,13.32,11.94,11.24,16.83
14011198194,M,algérienne,23,14,13.08,false,11.38,9.85,10.29,9.71,9.76,13.42
14011198198,M,algérienne,21,14,12.95,false,10.01,11.28,10.15,10.27,9.43,14.58
14011198214,M,algérienne,20,14,12.33,false,9.86,10.31,10.52,10.49,9.97,15.00
14011198216,M,algérienne,20,14,14.09,false,12.34,12.72,13.35,11.10,14.32,15.58
14011198242,M,algérienne,21,14,13.25,false,12.18,9.22,12.48,10.22,9.64,13.68
14011198256,M,algérienne,22,38,13.96,false,10.02,10.88,11.10,9.42,9.52,13.44
14011198259,M,algérienne,21,14,13.64,false,10.48,9.68,11.95,8.15,9.09,12.83
14011198260,M,algérienne,20,14,13.3,false,13.19,14.63,13.40,11.71,11.33,14.73
14011198267,M,algérienne,21,14,11.82,false,9.69,10.69,11.27,10.17,10.29,14.92
14011198282,M,algérienne,24,14,12.05,false,10.61,8.95,10.53,9.81,8.51,13.08
14011198357,M,algérienne,21,14,13.4,false,10.68,10.23,11.61,9.61,7.71,14.17
14011198386,M,algérienne,21,14,13.37,false,11.39,10.55,13.25,11.92,11.89,15.78
14011198392,M,algérienne,20,14,11.35,false,10.36,10.57,11.09,8.92,9.13,14.58
14011198396,F,algérienne,23,38,11.72,false,10.54,10.19,10.09,9.90,9.50,13.75
14011198397,F,algérienne,22,14,10.99,false,9.87,10.34,9.39,10.83,12.34,14.45
14011198402,F,algérienne,22,14,15.68,false,13.26,11.42,12.90,10.75,12.61,16.17
14011198409,F,algérienne,21,14,13.71,false,10.23,10.18,11.61,9.14,10.97,15.42
14011198410,M,algérienne,21,14,12.46,false,9.91,10.37,12.46,9.75,9.78,13.81
14011198412,M,algérienne,20,14,13.38,false,11.33,10.25,12.68,10.54,13.00,16.17
14011198435,F,algérienne,20,14,13.54,false,10.33,10.61,10.43,10.47,8.26,13.50
14011198436,M,algérienne,21,14,13.57,false,9.95,10.14,10.28,10.14,8.54,12.73
14011198438,M,algérienne,21,14,13.33,false,10.29,9.57,10.55,10.02,10.20,15.11
14011198452,M,algérienne,20,14,11.95,false,10.53,10.97,10.47,10.10,10.76,13.33
14011198465,F,algérienne,21,38,13.17,false,10.22,10.43,11.28,9.25,11.06,13.76
14011198466,F,algérienne,21,14,14.2,false,10.13,10.55,10.91,9.88,10.14,14.08
14011198467,M,algérienne,23,38,13.52,false,10.33,9.49,10.17,9.82,9.63,14.82
14011198475,F,algérienne,20,14,13.04,false,11.23,9.11,11.01,9.59,9.83,14.11
14011198476,F,algérienne,20,14,13.8,false,12.86,9.68,11.51,8.96,10.72,13.37
14011198477,M,algérienne,20,38,14.6,false,12.51,10.76,12.52,9.89,11.00,12.84
14011198484,F,algérienne,21,38,13.25,false,10.51,10.99,11.69,9.15,10.43,14.08
14011198487,F,algérienne,21,14,14.22,false,10.18,9.97,11.32,9.09,9.14,13.28
14011198497,F,algérienne,21,38,14.15,false,12.98,12.52,12.34,11.13,12.17,16.17
14011198501,F,algérienne,21,38,12.87,false,11.04,11.02,12.03,9.70,10.22,14.75
14011198503,F,algérienne,20,38,11.17,false,10.07,10.22,11.71,10.65,10.75,14.58
14011198504,F,algérienne,21,38,12.39,false,10.20,10.56,10.69,9.54,9.66,14.92
14011198511,F,algérienne,21,38,12.35,false,9.96,10.74,12.21,9.18,10.02,14.92
14011198512,M,algérienne,23,14,11.89,false,10.5,9.51,10.68,9.86,8.72,12.76
14011198520,F,algérienne,21,14,11.99,false,10.71,11.17,12.17,10.31,11.98,15.29
14011198521,F,algérienne,21,38,11.55,false,9.80,10.42,10.56,9.44,8.96,12.56
14011198524,M,algérienne,23,14,10.97,false,10.21,11.57,11.91,9.86,9.92,15.50
14011198526,M,algérienne,21,14,11.92,false,10.55,10.16,12.12,10.16,9.84,16.09
14011198530,M,algérienne,22,38,12.11,false,10.45,10.79,9.06,11.43,8.49,14.08
14011198544,M,algérienne,21,14,11.65,false,10.04,10.46,12.42,9.31,9.95,15.03
14011198545,M,algérienne,20,14,13.28,false,10.33,9.91,10.84,9.42,9.28,14.23
14011198566,M,algérienne,23,14,11.13,false,10.44,9.27,10.12,9.92,8.57,12.42
14011198577,M,algérienne,20,14,11.71,false,11.28,9.65,11.09,9.61,8.57,13.78
14011198581,F,algérienne,20,14,14.25,false,11.82,10.29,12.26,9.99,12.81,16.17
14011198582,F,algérienne,22,14,12.64,false,9.69,10.82,12.13,11.11,11.59,13.00
14011198583,M,algérienne,19,14,11.44,false,9.68,10.86,12.63,10.05,10.40,14.87
14011198588,F,algérienne,21,14,11.99,false,10.99,10.39,10.09,10.50,10.22,13.25
14011198589,M,algérienne,21,14,15.05,false,14.59,13.37,11.76,9.76,11.22,15.17
14011198610,M,algérienne,20,44,14.55,false,9.70,11.07,12.64,13.22,13.75,16.25
14011298615,F,algérienne,20,14,12.13,false,9.54,11.22,10.86,9.52,9.54,14.33
14011298617,F,algérienne,21,14,13.12,false,9.68,10.71,11.22,9.86,9.39,14.61
14011298622,F,algérienne,22,14,11.07,false,11.14,10.85,12.30,8.38,9.46,13.50
14011298627,M,algérienne,21,14,10.85,false,10.89,10.47,10.39,9.75,9.32,13.92
14011298636,F,algérienne,21,14,11.43,false,10.79,10.93,13.55,10.95,11.62,14.38
14011298637,F,algérienne,20,14,13.54,false,12.30,10.64,12.11,10.27,10.06,14.83
14011298645,M,algérienne,20,14,10.36,false,10.04,10.35,10.86,9.16,9.88,13.25
14011298662,F,algérienne,21,14,10.69,false,10.33,9.50,10.92,10.27,10.77,14.31
14011298667,M,algérienne,20,14,12.45,false,12.05,10.74,12.59,13.68,11.47,17.42
14011298668,F,algérienne,22,14,10.6,false,10.15,10.83,11.60,9.38,9.73,13.75
14011298670,M,algérienne,22,14,11.26,false,10.69,10.72,11.82,10.43,8.87,12.60
14011298672,M,algérienne,21,14,12.94,false,9.35,11.33,12.51,11.64,10.47,12.98
14011298682,M,algérienne,21,38,13.64,false,12.86,12.53,12.00,11.51,13.59,16.00
14011298686,M,algérienne,20,14,13.95,false,15.95,16.67,16.54,15.34,15.92,17.54
14011298687,M,algérienne,21,14,10.55,false,9.72,10.67,11.71,9.84,11.51,13.42
14011298688,M,algérienne,22,14,12.82,false,9.44,11.11,10.62,10.25,8.86,11.98
14011298696,F,algérienne,20,14,13.42,false,10.02,10.20,10.66,9.54,10.11,13.79
14011298705,F,algérienne,22,14,13.02,false,10.38,13.63,11.85,10.99,10.60,14.33
14011298706,M,algérienne,22,14,10.19,false,10.32,9.53,11.73,8.91,8.79,12.26
14011298710,M,algérienne,21,14,10.18,false,9.91,10.66,12.38,10.43,10.40,13.54
14011298711,F,algérienne,20,14,13.04,false,10.86,12.39,12.40,10.64,11.29,14.92
14011298736,F,algérienne,20,38,14.06,false,9.66,10.91,11.35,9.00,9.64,13.83
14011298763,F,algérienne,20,14,12.79,false,10.87,9.67,10.55,10.45,8.92,14.39
14011298764,M,algérienne,21,14,10.38,false,10.92,11.34,12.51,10.00,10.29,16.67
14011298765,M,algérienne,21,14,11.99,false,10.68,9.51,11.57,9.25,7.81,13.78
14011298787,M,algérienne,21,14,12.34,false,9.62,10.78,12.74,10.16,9.30,11.68
14011298818,M,algérienne,23,14,12.48,false,10.59,10.37,9.90,10.37,9.22,13.34
14011298823,M,algérienne,21,38,14.46,false,10.83,10.59,10.12,10.39,10.78,14.39
14011298838,F,algérienne,21,14,13.4,false,10.33,9.86,11.60,10.01,9.92,13.92
14011298846,F,burundi,22,99,15.06,false,14.93,15.08,15.46,14.51,13.87,15.83
14011298851,M,burundi,22,14,16,false,15.76,14.97,15.37,15.22,15.17,15.58
14011298861,F,algérienne,21,38,10.88,false,10.59,10.02,10.23,9.91,9.29,12.67
14011298862,M,burundaise,23,99,15.16,false,16.18,15.49,14.61,14.81,15.17,16.13
14011298871,M,burundaise,22,14,15.46,false,15.51,15.34,15.93,15.33,16.23,16.17
14011298877,M,algérienne,26,14,11.88,false,10.39,10.08,10.69,10.31,11.20,14.25
14011298895,F,algérienne,21,14,13.09,false,14.35,14.16,13.21,12.43,14.69,15.58
14011298919,F,algérienne,21,14,14.05,false,11.79,9.86,10.88,10.47,9.89,13.50
14011298925,M,algérienne,20,38,12.57,false,11.54,12.44,12.31,11.58,11.71,14.00
14011298927,F,algérienne,20,20,12.7,false,11.02,11.22,11.91,9.48,10.75,14.46
14011298935,F,algérienne,20,14,12.82,false,11.26,11.81,11.23,10.97,12.73,14.67
14011298955,M,algérienne,21,14,15.05,false,13.40,9.56,14.69,11.01,11.56,15.67
14011298962,M,guineenne,24,99,14.06,false,10.38,10.14,12.06,10.34,9.18,12.50
14011298964,F,guineenne,24,99,14.59,false,10.18,10.67,11.91,11.76,12.17,13.04
14011298977,F,algérienne,21,14,11.27,false,9.78,10.46,10.40,10.12,8.85,13.61
14011298979,F,algérienne,21,31,13.75,false,14.07,12.51,13.16,12.38,15.35,15.04
14011299010,F,algérienne,21,14,14.75,false,12.98,9.52,11.73,9.79,10.24,13.92
14011299024,F,algérienne,21,14,12.68,false,12.88,12.77,11.98,9.47,11.46,13.61
14011299032,F,algérienne,20,14,11.72,false,10.91,11.41,12.67,11.80,11.24,15.75
14011299038,F,algérienne,21,14,13.87,false,10.08,10.97,10.51,9.55,9.70,14.00
14011299110,M,algérienne,23,14,14.39,false,11.76,10.83,12.04,9.46,12.02,13.07
14011299116,M,algérienne,20,14,13.49,false,11.68,12.21,13.69,10.89,12.54,13.70
14011299118,F,algérienne,21,14,14.71,false,9.73,10.73,11.54,10.09,11.60,15.08
14011299122,F,algérienne,21,14,14.77,false,10.62,9.41,11.00,9.74,10.17,14.00
14011299136,M,algérienne,20,38,13.57,false,11.26,11.25,13.85,13.40,9.93,17.00
14011299174,M,algérienne,21,14,13.15,false,12.59,8.19,10.33,9.67,9.46,15.58
14011299180,M,malienne,24,99,10,false,9.30,12.81,12.22,11.46,8.98,13.75
14011299188,M,algérienne,21,14,11.67,false,13.10,13.52,12.45,11.55,13.61,15.04
14011399236,M,algérienne,41,14,11.27,false,13.12,13.12,10.67,11.12,13.92,17.00
14011399238,F,algérienne,33,14,11.41,false,11.13,11.74,8.84,11.34,11.75,13.33
14011399245,M,algérienne,35,14,10,false,11.76,11.81,9.92,12.58,11.01,14.00
14011399247,F,algérienne,31,14,10.06,false,11.18,11.33,9.6,10.7,12.35,13.00
14011399251,F,algérienne,31,14,10.22,false,11.17,11.35,9.89,10.71,11.94,13.00
14011399259,F,algérienne,33,14,10.5,false,12.1,11.16,10.01,10.77,10.91,13.00
14011399261,M,algérienne,30,14,10.03,false,12.09,11.33,9.4,11.47,12.67,11.92
14011399266,M,algérienne,30,14,10.39,false,11.59,11.57,9.33,11.26,12.55,14.83
14011499270,M,algérienne,33,14,10.85,false,9.60,12.00,12.49,10.65,10.64,12.28
14011499272,M,algérienne,33,14,12.36,false,9.95,11.24,10.71,10.37,9.82,12.78
14011499274,M,algérienne,32,14,10.09,false,10.77,12.03,11.73,11.75,13.32,12.62
14011499276,M,algérienne,29,14,10.07,false,9.67,10.71,9.70,12.25,10.76,10.73
14011499286,M,algérienne,30,14,10.3,false,12.15,12.88,12.07,10.57,11.30,12.86
